id,name,age,email,salary
4040,Person_4040,28.0,person4040@example.com,43933.73
3816,Person_3816,23.0,person3816@example.com,54100.88
849,Person_849,22.0,person849@example.com,32919.07
4864,Person_4864,46.0,person4864@example.com,47995.33
80,Person_80,57.0,person80@example.com,50776.94
2481,Person_2481,33.0,person2481@example.com,50572.73
3540,Person_3540,60.0,person3540@example.com,60973.46
2499,Person_2499,49.0,person2499@example.com,83580.56
4594,Person_4594,25.0,person4594@example.com,68457.99
4303,Person_4303,49.0,person4303@example.com,71158.86
765,Person_765,51.0,person765@example.com,53903.21
34,Person_34,32.0,person34@example.com,65247.71
2374,Person_2374,53.0,person2374@example.com,72736.86
2971,Person_2971,35.0,person2971@example.com,57155.47
1774,Person_1774,33.0,person1774@example.com,67646.7
684,Person_684,33.0,person684@example.com,56668.72
3780,Person_3780,37.0,person3780@example.com,84981.17
255,Person_255,45.0,person255@example.com,45105.83
2723,Person_2723,57.0,person2723@example.com,45745.6
3756,Person_3756,40.0,person3756@example.com,39766.42
4536,Person_4536,49.0,person4536@example.com,49676.72
3734,Person_3734,51.0,person3734@example.com,61334.07
1778,Person_1778,36.0,person1778@example.com,61640.67
5084,Person_1429,29.0,person1429@example.com,53670.25
3654,Person_3654,62.0,person3654@example.com,37009.83
4559,Person_4559,59.0,person4559@example.com,53234.33
498,Person_498,29.0,person498@example.com,70346.39
4995,Person_4995,20.0,person4995@example.com,65702.36
997,Person_997,40.0,person997@example.com,44004.15
3743,Person_3743,59.0,person3743@example.com,27966.48
241,Person_241,43.0,person241@example.com,56022.51
4548,Person_4548,32.0,person4548@example.com,66601.69
2182,Person_2182,25.0,person2182@example.com,74314.25
334,Person_334,61.0,person334@example.com,52520.66
2896,Person_2896,22.0,person2896@example.com,53756.96
2943,Person_2943,26.0,person2943@example.com,72373.56
1273,Person_1273,7.0,person1273@example.com,61817.24
3863,Person_3863,38.0,person3863@example.com,57620.67
1920,Person_1920,62.0,person1920@example.com,70138.23
556,Person_556,52.0,person556@example.com,55552.03
1966,Person_1966,23.0,person1966@example.com,35423.98
625,Person_625,42.0,person625@example.com,65965.26
3128,Person_3128,52.0,person3128@example.com,64846.64
492,Person_492,19.0,person492@example.com,32402.2
24,Person_24,38.0,person24@example.com,49176.33
4793,Person_4793,36.0,person4793@example.com,21714.22
502,Person_502,60.0,person502@example.com,64962.3
1406,Person_1406,51.0,person1406@example.com,45671.54
1922,Person_1922,63.0,person1922@example.com,46204.37
240,Person_240,36.0,person240@example.com,41227.7
4642,Person_4642,45.0,person4642@example.com,39548.74
4012,Person_4012,26.0,person4012@example.com,54027.19
2099,Person_2099,47.0,person2099@example.com,51847.04
2227,Person_2227,52.0,person2227@example.com,73413.79
1871,Person_1871,30.0,person1871@example.com,40876.45
1339,Person_1339,62.0,person1339@example.com,66189.22
3324,Person_3324,,person3324@example.com,47954.62
2395,Person_2395,45.0,person2395@example.com,67345.23
2415,Person_2415,51.0,person2415@example.com,38432.82
4539,Person_4539,55.0,person4539@example.com,63387.44
430,Person_430,36.0,person430@example.com,60316.03
4255,Person_4255,21.0,person4255@example.com,68400.18
3705,Person_3705,32.0,person3705@example.com,60273.83
4097,Person_4097,29.0,person4097@example.com,26794.53
423,Person_423,57.0,person423@example.com,55872.17
3728,Person_3728,25.0,person3728@example.com,38926.36
804,Person_804,34.0,person804@example.com,48596.8
4169,Person_4169,46.0,person4169@example.com,38832.95
1752,Person_1752,30.0,person1752@example.com,39002.46
1814,Person_1814,31.0,person1814@example.com,44226.04
2078,Person_2078,37.0,person2078@example.com,43258.01
1555,Person_1555,54.0,person1555@example.com,66971.58
4238,Person_4238,44.0,person4238@example.com,66523.66
1418,Person_1418,,person1418@example.com,57491.24
2917,Person_2917,48.0,person2917@example.com,43720.39
3631,Person_3631,43.0,person3631@example.com,63290.93
4002,Person_4002,51.0,person4002@example.com,55388.75
2952,Person_2952,50.0,person2952@example.com,54467.66
2054,Person_2054,43.0,person2054@example.com,63662.84
1880,Person_1880,32.0,person1880@example.com,69317.36
3803,Person_3803,32.0,person3803@example.com,40321.36
734,Person_734,51.0,person734@example.com,58512.59
928,Person_928,59.0,person928@example.com,63930.23
3133,Person_3133,23.0,person3133@example.com,40267.84
66,Person_66,21.0,person66@example.com,46041.06
3098,Person_3098,23.0,person3098@example.com,76826.78
2848,Person_2848,41.0,person2848@example.com,62664.13
2318,Person_2318,56.0,person2318@example.com,35807.26
1323,Person_1323,34.0,person1323@example.com,74182.46
1533,Person_1533,42.0,person1533@example.com,72439.31
953,Person_953,53.0,person953@example.com,56925.88
4354,Person_4354,49.0,person4354@example.com,63243.48
4044,Person_4044,55.0,person4044@example.com,52845.83
3667,Person_3667,22.0,person3667@example.com,68426.74
1169,Person_1169,18.0,person1169@example.com,46127.54
417,Person_417,23.0,person417@example.com,60894.49
1733,Person_1733,29.0,person1733@example.com,50912.82
3182,Person_3182,23.0,person3182@example.com,44989.78
2183,Person_2183,19.0,person2183@example.com,57729.95
1633,Person_1633,22.0,person1633@example.com,30239.16
3428,Person_3428,32.0,person3428@example.com,55417.69
85,Person_85,64.0,person85@example.com,62140.35
2060,Person_2060,22.0,person2060@example.com,57994.58
4534,Person_4534,63.0,person4534@example.com,43036.82
1433,Person_1433,34.0,person1433@example.com,65695.64
4871,Person_4871,43.0,person4871@example.com,29165.04
4655,Person_4655,,person4655@example.com,45883.92
1184,Person_1184,19.0,person1184@example.com,65195.34
2576,Person_2576,35.0,person2576@example.com,62908.65
3401,Person_3401,25.0,person3401@example.com,83053.93
4362,Person_4362,31.0,person4362@example.com,52530.8
2823,Person_2823,55.0,person2823@example.com,52848.99
394,Person_394,40.0,person394@example.com,61958.29
107,Person_107,52.0,person107@example.com,75866.22
2706,Person_2706,61.0,person2706@example.com,48717.09
3162,Person_3162,40.0,person3162@example.com,46627.37
2068,Person_2068,51.0,person2068@example.com,55232.57
3287,Person_3287,21.0,person3287@example.com,43020.32
2104,Person_2104,64.0,person2104@example.com,49966.78
1841,Person_1841,42.0,person1841@example.com,53794.29
5094,Person_2347,19.0,person2347@example.com,59099.92
2528,Person_2528,26.0,person2528@example.com,51916.66
3444,Person_3444,20.0,person3444@example.com,58091.21
1345,Person_1345,35.0,person1345@example.com,46143.31
3968,Person_3968,54.0,person3968@example.com,56491.43
1420,Person_1420,56.0,person1420@example.com,41853.77
1484,Person_1484,34.0,person1484@example.com,54242.52
469,Person_469,43.0,person469@example.com,42973.4
9,Person_9,40.0,person9@example.com,59411.79
1667,Person_1667,62.0,,41894.55
890,Person_890,60.0,person890@example.com,68757.29
4240,Person_4240,32.0,person4240@example.com,67997.74
2381,Person_2381,59.0,person2381@example.com,54795.93
158,Person_158,46.0,person158@example.com,63176.31
3286,Person_3286,26.0,person3286@example.com,58676.67
2320,Person_2320,28.0,person2320@example.com,40185.86
1492,Person_1492,20.0,person1492@example.com,36212.22
3489,Person_3489,32.0,,22448.65
2165,Person_2165,49.0,person2165@example.com,91922.32
682,Person_682,27.0,person682@example.com,55937.72
4794,Person_4794,36.0,person4794@example.com,52844.56
2116,Person_2116,33.0,person2116@example.com,52793.75
4140,Person_4140,53.0,person4140@example.com,60245.52
4628,Person_4628,21.0,person4628@example.com,71745.21
2716,Person_2716,64.0,person2716@example.com,40715.11
2599,Person_2599,58.0,person2599@example.com,51912.4
4260,Person_4260,62.0,person4260@example.com,61449.74
1502,Person_1502,46.0,person1502@example.com,20744.48
2643,Person_2643,48.0,person2643@example.com,31013.33
2790,Person_2790,30.0,person2790@example.com,39691.81
30,Person_30,44.0,person30@example.com,48628.35
2139,Person_2139,55.0,person2139@example.com,68996.45
3878,Person_3878,31.0,person3878@example.com,36478.59
2789,Person_2789,58.0,person2789@example.com,60170.35
3831,Person_3831,35.0,person3831@example.com,43588.56
1973,Person_1973,57.0,person1973@example.com,65337.24
4134,Person_4134,46.0,person4134@example.com,51903.9
1425,Person_1425,155.0,person1425@example.com,52083.27
3290,Person_3290,51.0,person3290@example.com,57057.63
1894,Person_1894,58.0,person1894@example.com,70722.3
3774,Person_3774,40.0,person3774@example.com,58536.63
3135,Person_3135,61.0,person3135@example.com,59300.13
229,Person_229,39.0,person229@example.com,65512.56
249,Person_249,57.0,person249@example.com,43613.0
2330,Person_2330,56.0,person2330@example.com,83732.34
152,Person_152,54.0,person152@example.com,52233.7
4598,Person_4598,26.0,person4598@example.com,59067.92
5097,Person_2700,31.0,person2700@example.com,55075.28
656,Person_656,61.0,person656@example.com,34751.87
857,Person_857,62.0,person857@example.com,28720.94
228,Person_228,23.0,person228@example.com,66463.61
4600,Person_4600,60.0,person4600@example.com,18464.12
1439,Person_1439,36.0,person1439@example.com,36773.07
3387,Person_3387,57.0,person3387@example.com,53047.56
180,Person_180,18.0,person180@example.com,49003.24
4265,Person_4265,54.0,person4265@example.com,42207.61
2268,Person_2268,32.0,person2268@example.com,29969.23
4221,Person_4221,22.0,person4221@example.com,55253.11
5025,Person_4124,53.0,person4124@example.com,49770.83
562,Person_562,39.0,person562@example.com,50463.91
4809,Person_4809,23.0,person4809@example.com,40873.28
473,Person_473,50.0,person473@example.com,66703.75
169,Person_169,45.0,person169@example.com,54627.29
1296,Person_1296,64.0,person1296@example.com,54625.56
4452,Person_4452,45.0,person4452@example.com,45699.46
777,Person_777,47.0,person777@example.com,50664.27
2592,Person_2592,46.0,person2592@example.com,64105.89
554,Person_554,40.0,person554@example.com,72236.02
1011,Person_1011,32.0,person1011@example.com,93917.12
4952,Person_4952,24.0,person4952@example.com,29370.4
1703,Person_1703,58.0,person1703@example.com,61490.9
3828,Person_3828,61.0,person3828@example.com,70064.2
487,Person_487,62.0,person487@example.com,82379.82
5076,Person_446,18.0,person446@example.com,50569.51
297,Person_297,33.0,person297@example.com,50036.73
1210,Person_1210,39.0,person1210@example.com,53897.86
4731,Person_4731,64.0,person4731@example.com,45729.49
4397,Person_4397,24.0,person4397@example.com,56231.75
2352,Person_2352,38.0,person2352@example.com,55233.5
5083,Person_2797,34.0,person2797@example.com,56984.84
1130,Person_1130,43.0,person1130@example.com,50229.31
200,Person_200,29.0,person200@example.com,64006.95
1816,Person_1816,34.0,person1816@example.com,67892.0
280,Person_280,41.0,person280@example.com,43479.44
1035,Person_1035,47.0,person1035@example.com,46423.83
894,Person_894,55.0,person894@example.com,52270.28
1449,Person_1449,42.0,person1449@example.com,66881.99
706,Person_706,45.0,person706@example.com,50163.09
1437,Person_1437,33.0,person1437@example.com,59575.72
2593,Person_2593,46.0,person2593@example.com,63355.87
4438,Person_4438,37.0,person4438@example.com,34829.55
1870,Person_1870,50.0,person1870@example.com,52341.56
3320,Person_3320,29.0,person3320@example.com,56398.94
1392,Person_1392,64.0,person1392@example.com,47921.26
3103,Person_3103,29.0,person3103@example.com,87436.33
1324,Person_1324,34.0,person1324@example.com,64625.54
2331,Person_2331,62.0,person2331@example.com,81221.14
1118,Person_1118,60.0,person1118@example.com,57190.01
1198,Person_1198,50.0,person1198@example.com,43689.3
3943,Person_3943,55.0,person3943@example.com,68274.78
2604,Person_2604,19.0,person2604@example.com,43255.11
1617,Person_1617,57.0,person1617@example.com,69643.39
374,Person_374,26.0,person374@example.com,52017.66
4348,Person_4348,18.0,person4348@example.com,58895.9
316,Person_316,,person316@example.com,49442.06
2827,Person_2827,,person2827@example.com,70786.1
4770,Person_4770,34.0,person4770@example.com,75763.86
81,Person_81,38.0,person81@example.com,45760.05
4507,Person_4507,18.0,person4507@example.com,39508.69
4223,Person_4223,31.0,person4223@example.com,54192.67
4621,Person_4621,28.0,person4621@example.com,69139.03
4501,Person_4501,23.0,person4501@example.com,58374.77
1472,Person_1472,,person1472@example.com,58683.77
1269,Person_1269,,person1269@example.com,59268.03
2378,Person_2378,48.0,person2378@example.com,42168.95
2628,Person_2628,25.0,,69319.73
1874,Person_1874,56.0,person1874@example.com,64979.4
2925,Person_2925,61.0,person2925@example.com,46114.12
3167,Person_3167,28.0,person3167@example.com,59324.42
2101,Person_2101,34.0,person2101@example.com,46131.66
3064,Person_3064,53.0,person3064@example.com,35519.41
3403,Person_3403,44.0,person3403@example.com,61410.49
1737,Person_1737,50.0,person1737@example.com,61622.63
3371,Person_3371,58.0,person3371@example.com,39659.77
506,Person_506,18.0,person506@example.com,40863.51
3928,Person_3928,63.0,person3928@example.com,45850.98
2941,Person_2941,23.0,person2941@example.com,47709.17
4788,Person_4788,61.0,person4788@example.com,55021.4
587,Person_587,62.0,person587@example.com,70323.58
4196,Person_4196,28.0,person4196@example.com,55660.04
2527,Person_2527,36.0,person2527@example.com,42327.63
5070,Person_3027,21.0,person3027@example.com,67274.1
2158,Person_2158,24.0,,38793.33
2624,Person_2624,61.0,person2624@example.com,34037.25
1176,Person_1176,27.0,person1176@example.com,57106.43
1030,Person_1030,25.0,person1030@example.com,53535.31
2940,Person_2940,30.0,person2940@example.com,34084.63
3379,Person_3379,28.0,person3379@example.com,53858.66
1591,Person_1591,41.0,person1591@example.com,42338.93
3415,Person_3415,21.0,person3415@example.com,53626.33
486,Person_486,22.0,person486@example.com,63547.87
4924,Person_4924,32.0,person4924@example.com,59739.5
4087,Person_4087,28.0,person4087@example.com,65680.69
89,Person_89,62.0,person89@example.com,54622.73
1698,Person_1698,23.0,person1698@example.com,59183.14
4858,Person_4858,46.0,person4858@example.com,65473.45
654,Person_654,55.0,person654@example.com,43243.35
4217,Person_4217,64.0,person4217@example.com,60188.23
3900,Person_3900,40.0,person3900@example.com,34580.01
2143,Person_2143,35.0,person2143@example.com,48257.89
1150,Person_1150,59.0,person1150@example.com,53184.41
3679,Person_3679,27.0,person3679@example.com,60273.43
145,Person_145,59.0,person145@example.com,48420.77
671,Person_671,64.0,person671@example.com,51642.28
3510,Person_3510,46.0,person3510@example.com,35303.44
4978,Person_4978,52.0,person4978@example.com,73507.32
2597,Person_2597,59.0,person2597@example.com,65294.79
2146,Person_2146,40.0,person2146@example.com,85588.12
2219,Person_2219,51.0,person2219@example.com,60368.73
1371,Person_1371,62.0,person1371@example.com,50642.6
4702,Person_4702,40.0,person4702@example.com,63393.57
1469,Person_1469,31.0,person1469@example.com,52895.46
2811,Person_2811,37.0,person2811@example.com,61054.98
3703,Person_3703,54.0,person3703@example.com,49747.15
4105,Person_4105,35.0,person4105@example.com,60299.95
3227,Person_3227,43.0,person3227@example.com,56235.01
4339,Person_4339,30.0,person4339@example.com,64575.7
4099,Person_4099,54.0,person4099@example.com,44632.24
2488,Person_2488,30.0,person2488@example.com,47904.58
101,Person_101,25.0,person101@example.com,54032.8
2928,Person_2928,39.0,person2928@example.com,58581.42
732,Person_732,30.0,person732@example.com,39684.35
3616,Person_3616,64.0,person3616@example.com,54907.73
4578,Person_4578,33.0,person4578@example.com,54530.27
4967,Person_4967,44.0,person4967@example.com,59011.92
752,Person_752,36.0,person752@example.com,50484.39
4373,Person_4373,36.0,person4373@example.com,61704.69
2474,Person_2474,42.0,person2474@example.com,55188.37
2657,Person_2657,27.0,person2657@example.com,55742.6
4346,Person_4346,64.0,person4346@example.com,59787.91
1096,Person_1096,55.0,person1096@example.com,35796.75
882,Person_882,,person882@example.com,43982.48
1085,Person_1085,50.0,person1085@example.com,62033.99
4297,Person_4297,38.0,not-a-valid-email,63576.95
1655,Person_1655,58.0,person1655@example.com,58688.84
3442,Person_3442,56.0,person3442@example.com,50538.65
1610,Person_1610,20.0,person1610@example.com,67071.09
1666,Person_1666,60.0,person1666@example.com,48447.5
4993,Person_4993,60.0,person4993@example.com,60338.75
3847,Person_3847,40.0,person3847@example.com,59768.76
4425,Person_4425,64.0,person4425@example.com,54107.86
1483,Person_1483,56.0,person1483@example.com,50000.5
1341,Person_1341,40.0,person1341@example.com,63408.41
747,Person_747,40.0,person747@example.com,53468.14
3255,Person_3255,28.0,person3255@example.com,45249.45
3160,Person_3160,9.0,person3160@example.com,47802.14
1175,Person_1175,26.0,person1175@example.com,58620.4
2903,Person_2903,53.0,person2903@example.com,65784.03
4039,Person_4039,45.0,person4039@example.com,42984.22
4336,Person_4336,,person4336@example.com,50033.26
4520,Person_4520,62.0,person4520@example.com,41550.79
298,Person_298,58.0,person298@example.com,77652.25
1706,Person_1706,45.0,person1706@example.com,54267.09
3771,Person_3771,39.0,person3771@example.com,67446.18
1670,Person_1670,59.0,person1670@example.com,62752.07
1486,Person_1486,48.0,person1486@example.com,58162.61
5075,Person_551,,person551@example.com,44427.18
231,Person_231,33.0,person231@example.com,47752.23
472,Person_472,,person472@example.com,48983.17
3361,Person_3361,50.0,person3361@example.com,44971.73
3733,Person_3733,49.0,person3733@example.com,61064.05
766,Person_766,45.0,person766@example.com,54029.46
812,Person_812,37.0,person812@example.com,60092.73
1221,Person_1221,47.0,person1221@example.com,66523.66
2522,Person_2522,28.0,person2522@example.com,59990.04
4821,Person_4821,32.0,person4821@example.com,67191.25
1414,Person_1414,18.0,person1414@example.com,42522.32
2916,Person_2916,61.0,person2916@example.com,33647.21
2888,Person_2888,23.0,person2888@example.com,59591.84
1254,Person_1254,46.0,person1254@example.com,57236.99
2095,Person_2095,18.0,person2095@example.com,61084.24
722,Person_722,18.0,person722@example.com,71614.38
1057,Person_1057,40.0,,45243.83
2371,Person_2371,25.0,person2371@example.com,55495.45
2589,Person_2589,57.0,person2589@example.com,70872.93
3786,Person_3786,32.0,person3786@example.com,44120.22
3382,Person_3382,28.0,person3382@example.com,36426.38
880,Person_880,41.0,person880@example.com,39477.91
2195,Person_2195,53.0,person2195@example.com,50297.48
4818,Person_4818,19.0,person4818@example.com,60414.71
2555,Person_2555,31.0,person2555@example.com,70030.49
2389,Person_2389,37.0,person2389@example.com,53618.68
3108,Person_3108,62.0,person3108@example.com,44898.14
1515,Person_1515,51.0,person1515@example.com,26296.53
658,Person_658,49.0,person658@example.com,38734.63
4136,Person_4136,61.0,person4136@example.com,48219.27
1039,Person_1039,22.0,person1039@example.com,43058.22
3802,Person_3802,29.0,person3802@example.com,60896.95
3826,Person_3826,44.0,person3826@example.com,60520.51
3614,Person_3614,28.0,person3614@example.com,53726.91
2986,Person_2986,24.0,person2986@example.com,34042.4
150,Person_150,21.0,person150@example.com,48841.64
3448,Person_3448,19.0,person3448@example.com,44551.27
2334,Person_2334,57.0,person2334@example.com,59598.02
2700,Person_2700,31.0,person2700@example.com,55075.28
1363,Person_1363,23.0,person1363@example.com,40729.21
1753,Person_1753,,person1753@example.com,36381.85
1534,Person_1534,56.0,person1534@example.com,54061.23
927,Person_927,36.0,person927@example.com,52168.36
3779,Person_3779,,person3779@example.com,63437.68
3419,Person_3419,35.0,person3419@example.com,73364.01
13,Person_13,53.0,person13@example.com,47891.73
94,Person_94,18.0,person94@example.com,58613.29
3694,Person_3694,43.0,person3694@example.com,37794.33
1613,Person_1613,29.0,person1613@example.com,56853.92
3529,Person_3529,62.0,person3529@example.com,52338.62
3849,Person_3849,38.0,person3849@example.com,51633.98
1182,Person_1182,28.0,person1182@example.com,53054.51
539,Person_539,,person539@example.com,52926.38
2005,Person_2005,52.0,person2005@example.com,47699.79
4335,Person_4335,51.0,person4335@example.com,64196.66
2265,Person_2265,26.0,person2265@example.com,73344.97
2419,Person_2419,40.0,person2419@example.com,63269.97
2504,Person_2504,31.0,person2504@example.com,55747.98
1116,Person_1116,53.0,person1116@example.com,58231.54
2169,Person_2169,43.0,person2169@example.com,47703.93
2901,Person_2901,27.0,person2901@example.com,39748.58
1188,Person_1188,51.0,person1188@example.com,32103.97
2645,Person_2645,53.0,person2645@example.com,62365.25
1455,Person_1455,58.0,person1455@example.com,55153.94
3085,Person_3085,60.0,person3085@example.com,35493.47
2665,Person_2665,57.0,person2665@example.com,40093.04
806,Person_806,46.0,person806@example.com,44478.71
4741,Person_4741,50.0,person4741@example.com,64314.74
1544,Person_1544,35.0,person1544@example.com,54309.79
4544,Person_4544,38.0,person4544@example.com,37346.48
1551,Person_1551,32.0,person1551@example.com,44967.25
4254,Person_4254,59.0,person4254@example.com,56165.87
3205,Person_3205,32.0,person3205@example.com,61068.83
1584,Person_1584,26.0,person1584@example.com,62267.27
4881,Person_4881,33.0,person4881@example.com,42529.36
411,Person_411,25.0,person411@example.com,52668.77
1996,Person_1996,42.0,person1996@example.com,37657.54
1216,Person_1216,30.0,person1216@example.com,57690.82
1535,Person_1535,37.0,person1535@example.com,32897.23
133,Person_133,31.0,person133@example.com,81625.36
2631,Person_2631,40.0,person2631@example.com,48849.59
1838,Person_1838,49.0,person1838@example.com,47827.99
3785,Person_3785,41.0,person3785@example.com,56296.17
4462,Person_4462,20.0,person4462@example.com,53634.25
692,Person_692,53.0,person692@example.com,72869.36
2500,Person_2500,49.0,person2500@example.com,64926.83
4789,Person_4789,58.0,person4789@example.com,42289.46
3861,Person_3861,47.0,person3861@example.com,72701.35
4687,Person_4687,29.0,person4687@example.com,39306.68
2655,Person_2655,49.0,person2655@example.com,54444.87
288,Person_288,42.0,person288@example.com,52453.49
3945,Person_3945,29.0,person3945@example.com,58087.04
3259,Person_3259,47.0,person3259@example.com,71416.95
4766,Person_4766,20.0,person4766@example.com,51328.55
3690,Person_3690,64.0,person3690@example.com,64711.18
1878,Person_1878,43.0,person1878@example.com,64408.03
1056,Person_1056,50.0,person1056@example.com,54866.9
2907,Person_2907,56.0,person2907@example.com,67463.27
4636,Person_4636,55.0,person4636@example.com,59943.44
4676,Person_4676,26.0,person4676@example.com,59744.48
2922,Person_2922,38.0,person2922@example.com,66429.74
2755,Person_2755,36.0,person2755@example.com,54560.92
3041,Person_3041,43.0,person3041@example.com,50393.5
764,Person_764,49.0,person764@example.com,52376.16
2532,Person_2532,45.0,person2532@example.com,69430.92
3627,Person_3627,29.0,person3627@example.com,49680.84
1558,Person_1558,23.0,not-a-valid-email,51498.9
3249,Person_3249,34.0,person3249@example.com,61370.73
466,Person_466,29.0,person466@example.com,62298.95
110,Person_110,59.0,person110@example.com,64769.82
1074,Person_1074,59.0,person1074@example.com,53967.16
743,Person_743,48.0,person743@example.com,50347.6
2120,Person_2120,43.0,person2120@example.com,57894.88
3555,Person_3555,35.0,person3555@example.com,71996.94
590,Person_590,31.0,person590@example.com,42096.25
4613,Person_4613,53.0,person4613@example.com,59264.06
4573,Person_4573,57.0,person4573@example.com,54008.89
427,Person_427,47.0,person427@example.com,34225.58
2178,Person_2178,26.0,person2178@example.com,60704.39
1261,Person_1261,64.0,person1261@example.com,58733.32
916,Person_916,62.0,person916@example.com,59217.76
3551,Person_3551,52.0,person3551@example.com,71677.17
4257,Person_4257,51.0,person4257@example.com,60986.6
3542,Person_3542,59.0,person3542@example.com,62707.61
1145,Person_1145,53.0,person1145@example.com,48704.05
1882,Person_1882,59.0,person1882@example.com,66026.98
1648,Person_1648,23.0,person1648@example.com,34925.27
3096,Person_3096,21.0,person3096@example.com,52141.2
2985,Person_2985,59.0,person2985@example.com,55820.46
3373,Person_3373,41.0,person3373@example.com,38961.18
3520,Person_3520,55.0,person3520@example.com,51066.32
1293,Person_1293,35.0,person1293@example.com,74720.54
1003,Person_1003,19.0,person1003@example.com,60088.8
2252,Person_2252,37.0,person2252@example.com,67721.08
3260,Person_3260,58.0,person3260@example.com,56510.82
4374,Person_4374,18.0,person4374@example.com,53122.27
2092,Person_2092,39.0,person2092@example.com,31607.54
2973,Person_2973,20.0,person2973@example.com,59316.87
1546,Person_1546,42.0,person1546@example.com,57528.02
1097,Person_1097,30.0,person1097@example.com,40392.61
3789,Person_3789,21.0,person3789@example.com,42687.03
4267,Person_4267,57.0,person4267@example.com,77944.07
2551,Person_2551,24.0,person2551@example.com,50050.25
1225,Person_1225,47.0,person1225@example.com,63058.37
4085,Person_4085,28.0,person4085@example.com,53937.47
3378,Person_3378,30.0,person3378@example.com,56607.5
415,Person_415,56.0,person415@example.com,49197.26
2875,Person_2875,31.0,person2875@example.com,77803.22
1537,Person_1537,18.0,,47921.29
1398,Person_1398,64.0,person1398@example.com,65634.29
3003,Person_3003,18.0,person3003@example.com,45718.53
600,Person_600,29.0,person600@example.com,67736.45
2647,Person_2647,32.0,person2647@example.com,57010.84
438,Person_438,18.0,person438@example.com,47766.15
4419,Person_4419,58.0,person4419@example.com,71106.16
4126,Person_4126,47.0,person4126@example.com,45991.24
4455,Person_4455,35.0,person4455@example.com,58266.84
291,Person_291,,person291@example.com,58093.03
545,Person_545,,person545@example.com,62238.97
4300,Person_4300,48.0,person4300@example.com,64323.18
253,Person_253,18.0,person253@example.com,68627.44
832,Person_832,42.0,person832@example.com,45251.17
4289,Person_4289,44.0,person4289@example.com,47429.85
351,Person_351,40.0,person351@example.com,48333.44
4320,Person_4320,53.0,person4320@example.com,59793.63
347,Person_347,52.0,person347@example.com,51537.42
1695,Person_1695,41.0,person1695@example.com,60847.66
1993,Person_1993,64.0,person1993@example.com,56515.77
458,Person_458,46.0,person458@example.com,46664.8
4781,Person_4781,45.0,person4781@example.com,69746.28
531,Person_531,62.0,person531@example.com,67089.33
91,Person_91,46.0,person91@example.com,61877.53
1676,Person_1676,48.0,person1676@example.com,57114.28
4309,Person_4309,27.0,person4309@example.com,51291.21
5089,Person_2427,18.0,person2427@example.com,59711.61
2408,Person_2408,25.0,person2408@example.com,38149.13
3216,Person_3216,53.0,person3216@example.com,56935.59
27,Person_27,39.0,person27@example.com,61754.57
1589,Person_1589,35.0,person1589@example.com,69479.3
3008,Person_3008,39.0,person3008@example.com,59776.58
725,Person_725,64.0,person725@example.com,60598.54
3261,Person_3261,21.0,person3261@example.com,65213.49
182,Person_182,30.0,person182@example.com,71660.05
2260,Person_2260,30.0,person2260@example.com,52171.47
2635,Person_2635,41.0,person2635@example.com,42353.97
2707,Person_2707,49.0,person2707@example.com,45829.76
3808,Person_3808,49.0,person3808@example.com,51327.83
3691,Person_3691,52.0,person3691@example.com,56401.96
1809,Person_1809,37.0,person1809@example.com,52864.99
2155,Person_2155,32.0,person2155@example.com,49290.45
788,Person_788,56.0,person788@example.com,48576.2
3479,Person_3479,26.0,person3479@example.com,54266.83
878,Person_878,40.0,person878@example.com,40325.26
4401,Person_4401,36.0,person4401@example.com,31780.43
3750,Person_3750,64.0,person3750@example.com,42948.51
4744,Person_4744,27.0,person4744@example.com,51946.29
2293,Person_2293,61.0,person2293@example.com,64696.43
3671,Person_3671,48.0,person3671@example.com,59291.94
70,Person_70,61.0,person70@example.com,51581.49
5011,Person_3832,32.0,person3832@example.com,63351.19
4638,Person_4638,38.0,person4638@example.com,44083.83
2407,Person_2407,35.0,person2407@example.com,54521.27
4218,Person_4218,24.0,person4218@example.com,46393.82
4855,Person_4855,54.0,person4855@example.com,36607.79
2239,Person_2239,47.0,person2239@example.com,75977.64
388,Person_388,18.0,person388@example.com,60035.32
1201,Person_1201,39.0,person1201@example.com,70905.19
2022,Person_2022,46.0,person2022@example.com,49138.29
2611,Person_2611,28.0,person2611@example.com,36879.51
3291,Person_3291,41.0,person3291@example.com,68831.78
3782,Person_3782,31.0,person3782@example.com,38116.27
3760,Person_3760,56.0,person3760@example.com,64709.35
222,Person_222,28.0,,57576.56
4686,Person_4686,34.0,person4686@example.com,55936.09
678,Person_678,33.0,person678@example.com,67323.84
643,Person_643,37.0,person643@example.com,63147.18
2766,Person_2766,59.0,person2766@example.com,59580.81
627,Person_627,21.0,,74078.07
2874,Person_2874,64.0,person2874@example.com,55188.19
2448,Person_2448,52.0,person2448@example.com,48649.59
2519,Person_2519,27.0,person2519@example.com,90227.89
4086,Person_4086,30.0,person4086@example.com,49553.3
178,Person_178,56.0,person178@example.com,60492.24
1002,Person_1002,57.0,person1002@example.com,71226.43
2403,Person_2403,38.0,person2403@example.com,42115.74
735,Person_735,58.0,person735@example.com,56746.25
2437,Person_2437,60.0,person2437@example.com,67406.57
2441,Person_2441,59.0,person2441@example.com,53508.57
3413,Person_3413,35.0,person3413@example.com,61623.57
2516,Person_2516,22.0,person2516@example.com,55161.4
2390,Person_2390,20.0,person2390@example.com,50848.97
3436,Person_3436,28.0,,54448.85
4332,Person_4332,40.0,person4332@example.com,43811.55
4117,Person_4117,51.0,person4117@example.com,44584.93
912,Person_912,21.0,person912@example.com,51590.14
3735,Person_3735,62.0,person3735@example.com,32203.96
1245,Person_1245,27.0,person1245@example.com,61183.53
829,Person_829,21.0,person829@example.com,80150.12
3037,Person_3037,44.0,person3037@example.com,55245.01
578,Person_578,22.0,person578@example.com,65517.47
2226,Person_2226,45.0,person2226@example.com,28704.95
2749,Person_2749,30.0,person2749@example.com,66712.49
1384,Person_1384,28.0,person1384@example.com,50351.66
3338,Person_3338,34.0,person3338@example.com,50726.9
220,Person_220,49.0,person220@example.com,58026.88
4712,Person_4712,47.0,person4712@example.com,44060.59
4828,Person_4828,20.0,person4828@example.com,49716.7
2315,Person_2315,35.0,person2315@example.com,54305.11
3632,Person_3632,,person3632@example.com,49662.32
44,Person_44,21.0,person44@example.com,52546.35
211,Person_211,49.0,person211@example.com,52893.23
4145,Person_4145,60.0,person4145@example.com,41554.98
355,Person_355,42.0,person355@example.com,58809.44
1058,Person_1058,32.0,person1058@example.com,64879.36
585,Person_585,33.0,person585@example.com,72022.38
4813,Person_4813,53.0,person4813@example.com,26452.05
3871,Person_3871,54.0,person3871@example.com,47698.07
368,Person_368,59.0,person368@example.com,74582.28
1236,Person_1236,55.0,person1236@example.com,69762.67
3880,Person_3880,7.0,person3880@example.com,56242.46
1635,Person_1635,34.0,person1635@example.com,66294.18
136,Person_136,22.0,person136@example.com,36800.29
4411,Person_4411,34.0,person4411@example.com,76038.34
48,Person_48,43.0,person48@example.com,53189.95
4635,Person_4635,18.0,person4635@example.com,47804.32
2961,Person_2961,41.0,person2961@example.com,63327.08
4945,Person_4945,22.0,person4945@example.com,68244.64
3883,Person_3883,58.0,person3883@example.com,44439.86
4508,Person_4508,36.0,person4508@example.com,50116.31
3299,Person_3299,29.0,person3299@example.com,52430.2
4038,Person_4038,48.0,person4038@example.com,37090.45
62,Person_62,21.0,person62@example.com,60456.89
2523,Person_2523,48.0,person2523@example.com,62202.56
2147,Person_2147,36.0,person2147@example.com,61372.31
96,Person_96,24.0,person96@example.com,87316.4
479,Person_479,,person479@example.com,45637.61
2223,Person_2223,44.0,person2223@example.com,39513.26
2670,Person_2670,20.0,person2670@example.com,63876.11
908,Person_908,34.0,person908@example.com,59749.84
1872,Person_1872,43.0,person1872@example.com,76846.53
2310,Person_2310,42.0,person2310@example.com,48858.84
2003,Person_2003,45.0,person2003@example.com,66463.23
1704,Person_1704,49.0,person1704@example.com,65514.03
799,Person_799,50.0,person799@example.com,48978.59
323,Person_323,,person323@example.com,48882.32
3873,Person_3873,45.0,person3873@example.com,58044.85
2308,Person_2308,31.0,person2308@example.com,52147.8
843,Person_843,45.0,person843@example.com,41661.04
2255,Person_2255,18.0,person2255@example.com,51175.02
4960,Person_4960,50.0,person4960@example.com,62702.73
3857,Person_3857,34.0,person3857@example.com,52680.35
3292,Person_3292,49.0,person3292@example.com,40391.15
1232,Person_1232,64.0,person1232@example.com,39006.67
3054,Person_3054,60.0,person3054@example.com,65238.42
292,Person_292,35.0,person292@example.com,40098.87
4833,Person_4833,48.0,person4833@example.com,46167.24
1481,Person_1481,35.0,person1481@example.com,83188.91
534,Person_534,53.0,person534@example.com,66254.99
1631,Person_1631,30.0,person1631@example.com,35067.0
4649,Person_4649,36.0,person4649@example.com,70733.95
3066,Person_3066,38.0,person3066@example.com,53029.1
1974,Person_1974,38.0,person1974@example.com,58015.8
2644,Person_2644,63.0,person2644@example.com,55408.36
1659,Person_1659,42.0,person1659@example.com,47840.45
5077,Person_2013,40.0,person2013@example.com,63673.92
811,Person_811,34.0,person811@example.com,45453.32
429,Person_429,34.0,person429@example.com,55495.91
4471,Person_4471,55.0,person4471@example.com,69244.93
3440,Person_3440,35.0,person3440@example.com,52358.64
2837,Person_2837,21.0,person2837@example.com,69687.39
4796,Person_4796,58.0,person4796@example.com,56462.13
2866,Person_2866,34.0,,48602.92
1019,Person_1019,31.0,person1019@example.com,47535.58
3228,Person_3228,55.0,person3228@example.com,27231.47
4707,Person_4707,19.0,person4707@example.com,52276.69
1322,Person_1322,49.0,person1322@example.com,51882.4
4194,Person_4194,40.0,person4194@example.com,37305.97
3726,Person_3726,28.0,person3726@example.com,23582.4
1865,Person_1865,50.0,person1865@example.com,47843.06
2969,Person_2969,54.0,person2969@example.com,39172.38
3394,Person_3394,29.0,person3394@example.com,46383.22
4619,Person_4619,51.0,person4619@example.com,60695.6
5020,Person_1736,28.0,person1736@example.com,57677.84
2221,Person_2221,21.0,person2221@example.com,49617.49
2570,Person_2570,18.0,person2570@example.com,64400.3
2877,Person_2877,56.0,person2877@example.com,74722.5
801,Person_801,32.0,person801@example.com,58875.69
1091,Person_1091,19.0,person1091@example.com,53027.98
3367,Person_3367,58.0,person3367@example.com,57219.65
1671,Person_1671,27.0,person1671@example.com,26540.09
3129,Person_3129,45.0,person3129@example.com,57211.71
2332,Person_2332,63.0,person2332@example.com,46759.42
1927,Person_1927,49.0,person1927@example.com,59636.59
3423,Person_3423,45.0,person3423@example.com,45206.14
2006,Person_2006,54.0,person2006@example.com,62110.36
3097,Person_3097,47.0,person3097@example.com,50073.78
932,Person_932,43.0,person932@example.com,59440.73
4817,Person_4817,35.0,person4817@example.com,57117.81
1836,Person_1836,48.0,person1836@example.com,78342.34
5042,Person_1769,61.0,person1769@example.com,65149.63
3949,Person_3949,42.0,person3949@example.com,48458.95
71,Person_71,51.0,person71@example.com,51925.84
1026,Person_1026,18.0,person1026@example.com,45061.64
1729,Person_1729,46.0,person1729@example.com,48362.92
2192,Person_2192,54.0,person2192@example.com,41559.43
3253,Person_3253,42.0,person3253@example.com,49652.2
3965,Person_3965,47.0,person3965@example.com,57890.52
2950,Person_2950,38.0,person2950@example.com,45330.4
1174,Person_1174,26.0,person1174@example.com,52644.63
4459,Person_4459,44.0,person4459@example.com,46091.36
808,Person_808,27.0,person808@example.com,34028.36
4205,Person_4205,58.0,person4205@example.com,29681.94
1336,Person_1336,21.0,person1336@example.com,64190.54
1514,Person_1514,59.0,person1514@example.com,33353.65
712,Person_712,35.0,person712@example.com,57493.63
4596,Person_4596,59.0,person4596@example.com,48820.74
1607,Person_1607,45.0,person1607@example.com,60936.47
3648,Person_3648,35.0,person3648@example.com,63813.72
3916,Person_3916,,person3916@example.com,57311.82
2772,Person_2772,20.0,person2772@example.com,54762.47
1045,Person_1045,62.0,person1045@example.com,47968.87
4158,Person_4158,61.0,person4158@example.com,58081.01
4483,Person_4483,37.0,person4483@example.com,51602.18
1731,Person_1731,53.0,person1731@example.com,69081.31
1766,Person_1766,44.0,person1766@example.com,70405.8
4488,Person_4488,64.0,person4488@example.com,66894.29
3870,Person_3870,,person3870@example.com,68872.08
2016,Person_2016,28.0,person2016@example.com,61215.94
3626,Person_3626,63.0,person3626@example.com,38701.9
1021,Person_1021,26.0,person1021@example.com,60962.48
2168,Person_2168,55.0,person2168@example.com,57794.42
1048,Person_1048,35.0,person1048@example.com,49621.3
2571,Person_2571,30.0,person2571@example.com,37354.13
3868,Person_3868,54.0,person3868@example.com,49362.83
1042,Person_1042,43.0,person1042@example.com,57141.72
4618,Person_4618,35.0,person4618@example.com,57939.49
2421,Person_2421,19.0,person2421@example.com,51715.25
5058,Person_3145,39.0,person3145@example.com,57917.62
3755,Person_3755,25.0,person3755@example.com,50430.84
1361,Person_1361,44.0,person1361@example.com,57271.94
234,Person_234,23.0,person234@example.com,50290.35
2300,Person_2300,32.0,person2300@example.com,39709.21
4943,Person_4943,52.0,person4943@example.com,43033.26
4234,Person_4234,56.0,person4234@example.com,39386.69
634,Person_634,44.0,person634@example.com,76556.33
1943,Person_1943,50.0,person1943@example.com,35599.44
416,Person_416,21.0,person416@example.com,3500000.0
1565,Person_1565,42.0,person1565@example.com,53414.36
3276,Person_3276,63.0,person3276@example.com,74479.08
1213,Person_1213,24.0,person1213@example.com,66395.13
3886,Person_3886,54.0,person3886@example.com,40866.86
3931,Person_3931,55.0,person3931@example.com,59589.2
865,Person_865,60.0,person865@example.com,51430.21
18,Person_18,19.0,person18@example.com,72779.96
1845,Person_1845,25.0,person1845@example.com,71718.18
2285,Person_2285,35.0,person2285@example.com,29807.72
1823,Person_1823,19.0,person1823@example.com,54362.72
4081,Person_4081,60.0,person4081@example.com,66717.18
597,Person_597,28.0,person597@example.com,57599.5
2188,Person_2188,42.0,person2188@example.com,53511.74
4910,Person_4910,47.0,person4910@example.com,42039.97
2524,Person_2524,32.0,person2524@example.com,66495.18
2615,Person_2615,25.0,person2615@example.com,57679.37
1850,Person_1850,34.0,person1850@example.com,51394.41
3554,Person_3554,21.0,person3554@example.com,51023.77
372,Person_372,57.0,person372@example.com,61636.48
4633,Person_4633,31.0,person4633@example.com,55216.57
4075,Person_4075,47.0,person4075@example.com,69423.18
653,Person_653,50.0,person653@example.com,60498.02
599,Person_599,64.0,person599@example.com,68209.86
677,Person_677,20.0,person677@example.com,57550.89
239,Person_239,53.0,person239@example.com,58888.68
4499,Person_4499,50.0,person4499@example.com,34075.93
1393,Person_1393,41.0,person1393@example.com,53413.97
2030,Person_2030,25.0,person2030@example.com,66494.08
995,Person_995,27.0,person995@example.com,67782.06
1452,Person_1452,29.0,person1452@example.com,49271.07
76,Person_76,32.0,person76@example.com,47202.82
1413,Person_1413,34.0,person1413@example.com,49542.46
2650,Person_2650,45.0,person2650@example.com,65738.93
3617,Person_3617,29.0,person3617@example.com,50345.49
3245,Person_3245,31.0,person3245@example.com,56639.17
4857,Person_4857,61.0,person4857@example.com,66669.33
2496,Person_2496,21.0,person2496@example.com,48878.07
813,Person_813,41.0,person813@example.com,70354.22
1570,Person_1570,46.0,person1570@example.com,53784.63
3814,Person_3814,25.0,person3814@example.com,3500000.0
1567,Person_1567,21.0,person1567@example.com,38697.11
4783,Person_4783,18.0,person4783@example.com,58007.54
4450,Person_4450,23.0,person4450@example.com,30143.47
1741,Person_1741,49.0,person1741@example.com,44460.84
97,Person_97,26.0,person97@example.com,59197.6
4938,Person_4938,54.0,person4938@example.com,55092.73
3399,Person_3399,45.0,person3399@example.com,44255.75
1651,Person_1651,33.0,person1651@example.com,57724.41
622,Person_622,39.0,person622@example.com,47928.74
4418,Person_4418,50.0,person4418@example.com,54464.72
3791,Person_3791,40.0,person3791@example.com,66967.19
567,Person_567,58.0,person567@example.com,65576.89
4681,Person_4681,39.0,person4681@example.com,51207.0
2012,Person_2012,62.0,person2012@example.com,69211.08
749,Person_749,54.0,person749@example.com,19846.62
4826,Person_4826,20.0,person4826@example.com,62399.97
52,Person_52,64.0,person52@example.com,45900.62
4266,Person_4266,27.0,person4266@example.com,54381.49
2023,Person_2023,27.0,not-a-valid-email,74112.04
1352,Person_1352,34.0,person1352@example.com,60383.63
1407,Person_1407,26.0,person1407@example.com,73705.47
535,Person_535,42.0,person535@example.com,55149.99
4092,Person_4092,58.0,person4092@example.com,73868.78
4016,Person_4016,,person4016@example.com,68036.57
970,Person_970,43.0,person970@example.com,55874.49
444,Person_444,57.0,person444@example.com,44240.29
1053,Person_1053,31.0,person1053@example.com,58328.3
196,Person_196,49.0,person196@example.com,49909.16
4343,Person_4343,20.0,person4343@example.com,39741.42
5001,Person_3491,40.0,person3491@example.com,37830.03
4604,Person_4604,50.0,person4604@example.com,43332.42
5054,Person_2058,23.0,person2058@example.com,59610.42
3139,Person_3139,61.0,person3139@example.com,63651.96
2804,Person_2804,48.0,person2804@example.com,53298.91
3099,Person_3099,63.0,,69126.22
3050,Person_3050,23.0,person3050@example.com,42492.74
4754,Person_4754,46.0,person4754@example.com,38824.05
3543,Person_3543,23.0,person3543@example.com,34668.93
645,Person_645,25.0,person645@example.com,48767.24
2026,Person_2026,58.0,person2026@example.com,54401.44
3674,Person_3674,39.0,person3674@example.com,55867.02
1428,Person_1428,51.0,person1428@example.com,70262.71
4851,Person_4851,,person4851@example.com,70765.39
121,Person_121,41.0,person121@example.com,69962.7
3629,Person_3629,34.0,person3629@example.com,53625.29
2073,Person_2073,64.0,person2073@example.com,41856.75
1243,Person_1243,49.0,person1243@example.com,51640.08
4988,Person_4988,41.0,person4988@example.com,53078.44
2550,Person_2550,52.0,person2550@example.com,41394.04
2340,Person_2340,25.0,person2340@example.com,67852.97
135,Person_135,18.0,person135@example.com,58547.49
2562,Person_2562,38.0,not-a-valid-email,48425.14
3425,Person_3425,37.0,person3425@example.com,58623.53
4472,Person_4472,39.0,person4472@example.com,43422.52
2380,Person_2380,33.0,person2380@example.com,82896.08
185,Person_185,56.0,person185@example.com,56695.09
3502,Person_3502,24.0,person3502@example.com,56550.25
3322,Person_3322,20.0,person3322@example.com,36921.59
512,Person_512,46.0,person512@example.com,48706.62
2816,Person_2816,54.0,person2816@example.com,47061.5
63,Person_63,19.0,person63@example.com,48802.84
4340,Person_4340,23.0,person4340@example.com,48338.69
4533,Person_4533,62.0,person4533@example.com,43802.73
4410,Person_4410,29.0,person4410@example.com,49799.33
978,Person_978,37.0,person978@example.com,69750.58
839,Person_839,36.0,person839@example.com,71517.96
252,Person_252,,person252@example.com,52161.34
626,Person_626,62.0,person626@example.com,36451.24
3898,Person_3898,53.0,person3898@example.com,60060.6
5044,Person_802,47.0,person802@example.com,54267.95
3150,Person_3150,43.0,person3150@example.com,33421.42
1616,Person_1616,32.0,person1616@example.com,53712.82
123,Person_123,52.0,person123@example.com,66417.39
1832,Person_1832,47.0,person1832@example.com,51359.8
3372,Person_3372,34.0,person3372@example.com,44254.86
2367,Person_2367,52.0,person2367@example.com,62314.31
2851,Person_2851,47.0,person2851@example.com,55906.92
5068,Person_3079,24.0,person3079@example.com,53343.01
568,Person_568,36.0,person568@example.com,63653.62
2175,Person_2175,,person2175@example.com,66925.39
4537,Person_4537,49.0,person4537@example.com,44754.12
694,Person_694,25.0,person694@example.com,50147.23
3663,Person_3663,25.0,person3663@example.com,45149.45
3389,Person_3389,36.0,person3389@example.com,55865.84
2479,Person_2479,18.0,person2479@example.com,67485.17
4957,Person_4957,19.0,person4957@example.com,46925.14
1075,Person_1075,32.0,person1075@example.com,53196.15
1159,Person_1159,28.0,person1159@example.com,50537.71
1789,Person_1789,,person1789@example.com,65280.43
721,Person_721,50.0,person721@example.com,58030.83
2826,Person_2826,62.0,person2826@example.com,46009.94
4173,Person_4173,,person4173@example.com,51390.09
3872,Person_3872,56.0,person3872@example.com,42905.59
4836,Person_4836,44.0,person4836@example.com,54520.88
3341,Person_3341,43.0,person3341@example.com,55023.72
603,Person_603,61.0,person603@example.com,76134.26
2292,Person_2292,52.0,person2292@example.com,92354.92
2996,Person_2996,39.0,person2996@example.com,52394.09
1868,Person_1868,30.0,person1868@example.com,47986.54
3143,Person_3143,41.0,person3143@example.com,43942.59
3608,Person_3608,34.0,person3608@example.com,62294.08
319,Person_319,25.0,,32563.1
3079,Person_3079,24.0,person3079@example.com,53343.01
4057,Person_4057,44.0,person4057@example.com,58566.73
275,Person_275,33.0,person275@example.com,58168.24
1984,Person_1984,,person1984@example.com,49205.08
550,Person_550,49.0,person550@example.com,56777.07
3063,Person_3063,58.0,person3063@example.com,57460.9
2793,Person_2793,39.0,person2793@example.com,28667.41
4992,Person_4992,,person4992@example.com,38092.97
3065,Person_3065,54.0,person3065@example.com,77661.24
606,Person_606,24.0,person606@example.com,60393.69
1033,Person_1033,54.0,person1033@example.com,50553.01
528,Person_528,172.0,person528@example.com,77937.03
4977,Person_4977,30.0,person4977@example.com,52418.63
2678,Person_2678,38.0,person2678@example.com,75214.3
2618,Person_2618,40.0,person2618@example.com,57523.64
830,Person_830,57.0,person830@example.com,74133.31
3939,Person_3939,52.0,person3939@example.com,43260.3
4925,Person_4925,21.0,person4925@example.com,67875.16
4718,Person_4718,49.0,person4718@example.com,67350.17
3675,Person_3675,46.0,person3675@example.com,79693.73
299,Person_299,53.0,person299@example.com,61678.64
69,Person_69,43.0,person69@example.com,49106.16
3867,Person_3867,29.0,person3867@example.com,80716.08
5091,Person_3277,38.0,person3277@example.com,78896.45
2253,Person_2253,21.0,person2253@example.com,54381.72
3889,Person_3889,48.0,person3889@example.com,32916.8
4646,Person_4646,62.0,person4646@example.com,56517.51
1673,Person_1673,60.0,person1673@example.com,58543.36
2520,Person_2520,42.0,person2520@example.com,42120.06
151,Person_151,47.0,person151@example.com,46384.97
757,Person_757,63.0,person757@example.com,56880.32
2115,Person_2115,102.0,person2115@example.com,53100.33
2575,Person_2575,38.0,person2575@example.com,47307.02
4349,Person_4349,34.0,person4349@example.com,56715.89
4344,Person_4344,34.0,person4344@example.com,41162.99
1624,Person_1624,55.0,person1624@example.com,50178.46
1859,Person_1859,50.0,person1859@example.com,64502.31
4045,Person_4045,41.0,person4045@example.com,65730.79
377,Person_377,46.0,person377@example.com,31395.16
1618,Person_1618,42.0,person1618@example.com,42079.85
4987,Person_4987,31.0,person4987@example.com,72916.04
860,Person_860,43.0,person860@example.com,55619.93
2729,Person_2729,28.0,person2729@example.com,63255.2
3575,Person_3575,51.0,person3575@example.com,56361.47
379,Person_379,43.0,person379@example.com,52769.85
3940,Person_3940,42.0,person3940@example.com,76581.76
2743,Person_2743,44.0,person2743@example.com,58839.58
4758,Person_4758,56.0,person4758@example.com,41179.83
4026,Person_4026,59.0,person4026@example.com,44393.57
1422,Person_1422,20.0,person1422@example.com,76584.7
4119,Person_4119,30.0,person4119@example.com,63991.39
1781,Person_1781,18.0,person1781@example.com,60048.4
3600,Person_3600,41.0,person3600@example.com,66741.49
4970,Person_4970,20.0,person4970@example.com,46090.16
1935,Person_1935,49.0,person1935@example.com,64767.77
2368,Person_2368,51.0,person2368@example.com,36335.52
4474,Person_4474,60.0,person4474@example.com,46308.37
795,Person_795,32.0,person795@example.com,69167.69
2608,Person_2608,57.0,person2608@example.com,57261.71
842,Person_842,35.0,person842@example.com,72598.49
1747,Person_1747,51.0,person1747@example.com,68796.06
5018,Person_4147,41.0,person4147@example.com,55385.72
176,Person_176,45.0,person176@example.com,29551.6
1102,Person_1102,,person1102@example.com,31377.95
2858,Person_2858,47.0,person2858@example.com,63963.77
3059,Person_3059,27.0,person3059@example.com,56286.5
46,Person_46,31.0,person46@example.com,73876.24
4185,Person_4185,37.0,person4185@example.com,67130.08
4502,Person_4502,58.0,person4502@example.com,72875.19
5041,Person_1196,23.0,person1196@example.com,53439.28
2953,Person_2953,44.0,person2953@example.com,71541.61
897,Person_897,42.0,person897@example.com,79597.75
1612,Person_1612,51.0,person1612@example.com,68534.91
1745,Person_1745,51.0,person1745@example.com,49060.41
4193,Person_4193,37.0,person4193@example.com,54504.5
1861,Person_1861,57.0,person1861@example.com,65229.62
2349,Person_2349,61.0,person2349@example.com,40401.03
2132,Person_2132,58.0,person2132@example.com,45894.82
3640,Person_3640,41.0,person3640@example.com,55908.08
3131,Person_3131,26.0,person3131@example.com,32143.9
2526,Person_2526,40.0,person2526@example.com,61073.89
284,Person_284,,person284@example.com,83940.12
2019,Person_2019,31.0,person2019@example.com,54028.99
1129,Person_1129,64.0,person1129@example.com,43358.51
1787,Person_1787,41.0,person1787@example.com,47928.01
1434,Person_1434,27.0,person1434@example.com,55050.76
3246,Person_3246,55.0,,55304.62
1331,Person_1331,56.0,not-a-valid-email,61203.36
4820,Person_4820,62.0,person4820@example.com,45510.75
3850,Person_3850,60.0,person3850@example.com,38165.61
4093,Person_4093,33.0,person4093@example.com,51614.49
2232,Person_2232,47.0,person2232@example.com,69759.88
4375,Person_4375,22.0,person4375@example.com,59115.12
1222,Person_1222,46.0,person1222@example.com,60549.8
2660,Person_2660,49.0,person2660@example.com,37030.64
4668,Person_4668,53.0,person4668@example.com,32089.63
2808,Person_2808,21.0,person2808@example.com,58105.24
4368,Person_4368,46.0,person4368@example.com,69159.31
5037,Person_1617,57.0,person1617@example.com,69643.39
1095,Person_1095,50.0,person1095@example.com,38337.49
4777,Person_4777,49.0,person4777@example.com,48294.45
4653,Person_4653,18.0,person4653@example.com,40697.5
1938,Person_1938,45.0,person1938@example.com,71668.29
3476,Person_3476,53.0,person3476@example.com,51334.66
1808,Person_1808,20.0,person1808@example.com,43772.84
100,Person_100,61.0,person100@example.com,33685.04
3028,Person_3028,63.0,person3028@example.com,52714.65
1771,Person_1771,46.0,person1771@example.com,49465.96
1833,Person_1833,35.0,person1833@example.com,52373.6
2992,Person_2992,45.0,person2992@example.com,46057.99
352,Person_352,,person352@example.com,57452.67
4701,Person_4701,64.0,person4701@example.com,50494.0
1104,Person_1104,46.0,person1104@example.com,64729.58
1375,Person_1375,45.0,person1375@example.com,62603.93
1076,Person_1076,64.0,person1076@example.com,51079.65
719,Person_719,62.0,person719@example.com,33687.86
4696,Person_4696,54.0,person4696@example.com,61888.5
2838,Person_2838,,person2838@example.com,52628.55
3400,Person_3400,22.0,person3400@example.com,67754.24
2406,Person_2406,39.0,person2406@example.com,85472.58
309,Person_309,34.0,person309@example.com,47996.81
4095,Person_4095,52.0,person4095@example.com,43612.57
834,Person_834,49.0,person834@example.com,53075.68
367,Person_367,44.0,person367@example.com,57427.95
2859,Person_2859,50.0,person2859@example.com,55377.9
4476,Person_4476,44.0,person4476@example.com,50692.5
4779,Person_4779,33.0,person4779@example.com,50946.22
3929,Person_3929,30.0,person3929@example.com,45875.64
3979,Person_3979,60.0,person3979@example.com,55193.5
950,Person_950,48.0,person950@example.com,59369.68
1539,Person_1539,20.0,person1539@example.com,55302.53
3136,Person_3136,28.0,person3136@example.com,40641.3
20,Person_20,61.0,,55044.35
2513,Person_2513,40.0,person2513@example.com,48833.19
3990,Person_3990,40.0,person3990@example.com,42045.61
669,Person_669,37.0,person669@example.com,34808.1
219,Person_219,23.0,person219@example.com,56101.03
1593,Person_1593,49.0,person1593@example.com,43184.14
439,Person_439,18.0,person439@example.com,60187.16
4270,Person_4270,55.0,person4270@example.com,55293.18
3834,Person_3834,36.0,person3834@example.com,42720.96
3025,Person_3025,37.0,person3025@example.com,53261.46
3435,Person_3435,19.0,person3435@example.com,49188.9
4915,Person_4915,63.0,person4915@example.com,45372.74
4302,Person_4302,27.0,person4302@example.com,71241.44
4747,Person_4747,59.0,person4747@example.com,42239.75
4933,Person_4933,29.0,person4933@example.com,72226.85
2884,Person_2884,30.0,person2884@example.com,73483.89
803,Person_803,59.0,not-a-valid-email,61002.89
3134,Person_3134,36.0,person3134@example.com,47904.66
3922,Person_3922,52.0,person3922@example.com,72465.21
3912,Person_3912,23.0,person3912@example.com,83384.89
3936,Person_3936,,person3936@example.com,76559.98
583,Person_583,53.0,person583@example.com,47467.19
204,Person_204,54.0,person204@example.com,70085.79
4156,Person_4156,46.0,person4156@example.com,77156.75
3566,Person_3566,54.0,person3566@example.com,63901.87
945,Person_945,47.0,person945@example.com,59896.63
2345,Person_2345,21.0,person2345@example.com,63748.76
2270,Person_2270,41.0,person2270@example.com,38513.98
5065,Person_3118,22.0,person3118@example.com,69362.93
2216,Person_2216,30.0,person2216@example.com,58662.92
965,Person_965,55.0,person965@example.com,67353.49
4965,Person_4965,60.0,person4965@example.com,63996.95
4885,Person_4885,62.0,person4885@example.com,44842.03
1376,Person_1376,63.0,person1376@example.com,46621.6
1527,Person_1527,61.0,person1527@example.com,47669.71
4678,Person_4678,62.0,person4678@example.com,45448.13
518,Person_518,52.0,person518@example.com,63342.43
1256,Person_1256,18.0,person1256@example.com,77685.29
4350,Person_4350,20.0,person4350@example.com,34287.87
1963,Person_1963,32.0,person1963@example.com,44725.96
1505,Person_1505,30.0,person1505@example.com,51923.91
1050,Person_1050,25.0,person1050@example.com,31372.92
4513,Person_4513,39.0,person4513@example.com,41625.61
4272,Person_4272,37.0,person4272@example.com,67026.83
2861,Person_2861,,person2861@example.com,68052.53
2277,Person_2277,54.0,person2277@example.com,58441.29
2084,Person_2084,38.0,person2084@example.com,52956.9
760,Person_760,30.0,person760@example.com,38959.29
2785,Person_2785,56.0,person2785@example.com,50067.7
2241,Person_2241,24.0,person2241@example.com,46122.75
215,Person_215,19.0,person215@example.com,46374.01
4422,Person_4422,22.0,person4422@example.com,62498.84
4822,Person_4822,37.0,person4822@example.com,50159.44
3775,Person_3775,49.0,person3775@example.com,63318.61
2828,Person_2828,34.0,person2828@example.com,57525.96
197,Person_197,49.0,person197@example.com,48162.0
1127,Person_1127,25.0,person1127@example.com,67433.05
3611,Person_3611,36.0,,82896.39
1306,Person_1306,22.0,person1306@example.com,38133.24
888,Person_888,40.0,person888@example.com,37246.67
1739,Person_1739,64.0,person1739@example.com,31758.97
2585,Person_2585,43.0,person2585@example.com,73884.81
569,Person_569,29.0,person569@example.com,44004.71
1748,Person_1748,46.0,person1748@example.com,58558.92
2324,Person_2324,36.0,person2324@example.com,55174.11
140,Person_140,44.0,person140@example.com,41832.37
2581,Person_2581,34.0,person2581@example.com,40397.24
3723,Person_3723,47.0,person3723@example.com,71233.61
4113,Person_4113,60.0,person4113@example.com,54971.57
464,Person_464,63.0,person464@example.com,50008.4
4682,Person_4682,58.0,person4682@example.com,58772.06
595,Person_595,46.0,person595@example.com,59062.63
4148,Person_4148,59.0,person4148@example.com,34290.75
451,Person_451,46.0,person451@example.com,40150.88
1724,Person_1724,39.0,person1724@example.com,49206.07
4645,Person_4645,20.0,person4645@example.com,44014.28
4900,Person_4900,,person4900@example.com,46224.95
3998,Person_3998,46.0,person3998@example.com,38203.82
4287,Person_4287,126.0,person4287@example.com,66350.66
1889,Person_1889,23.0,person1889@example.com,54902.64
4654,Person_4654,,person4654@example.com,78322.35
452,Person_452,20.0,person452@example.com,56312.9
4114,Person_4114,60.0,person4114@example.com,48476.72
4672,Person_4672,56.0,person4672@example.com,62309.63
2102,Person_2102,43.0,person2102@example.com,62827.96
4778,Person_4778,43.0,person4778@example.com,51255.14
1000,Person_1000,19.0,person1000@example.com,58691.35
4848,Person_4848,26.0,person4848@example.com,41150.04
2930,Person_2930,24.0,person2930@example.com,63484.39
193,Person_193,61.0,person193@example.com,51550.63
3907,Person_3907,24.0,not-a-valid-email,40285.85
4268,Person_4268,24.0,person4268@example.com,68968.72
2544,Person_2544,56.0,,60086.67
4319,Person_4319,42.0,person4319@example.com,68648.57
4517,Person_4517,51.0,person4517@example.com,52550.44
2108,Person_2108,25.0,person2108@example.com,45352.62
2663,Person_2663,48.0,person2663@example.com,49133.37
2064,Person_2064,59.0,person2064@example.com,64560.42
2424,Person_2424,19.0,person2424@example.com,56173.93
3621,Person_3621,45.0,person3621@example.com,48797.84
4281,Person_4281,64.0,person4281@example.com,38171.57
2535,Person_2535,33.0,person2535@example.com,53776.06
2900,Person_2900,38.0,person2900@example.com,57647.0
3104,Person_3104,28.0,person3104@example.com,52232.06
1873,Person_1873,39.0,person1873@example.com,48203.26
4577,Person_4577,28.0,person4577@example.com,78603.0
4693,Person_4693,26.0,person4693@example.com,59576.23
5016,Person_3266,58.0,person3266@example.com,55009.07
192,Person_192,59.0,person192@example.com,75696.36
3163,Person_3163,39.0,person3163@example.com,47158.45
1804,Person_1804,20.0,person1804@example.com,54165.61
4090,Person_4090,61.0,person4090@example.com,71790.74
2908,Person_2908,56.0,person2908@example.com,56117.9
1282,Person_1282,35.0,person1282@example.com,48421.6
2616,Person_2616,32.0,person2616@example.com,40619.29
1715,Person_1715,53.0,person1715@example.com,71436.41
4295,Person_4295,39.0,person4295@example.com,64422.22
3806,Person_3806,,person3806@example.com,65587.44
2881,Person_2881,22.0,person2881@example.com,47267.92
4000,Person_4000,46.0,person4000@example.com,41043.49
313,Person_313,39.0,person313@example.com,49586.09
4969,Person_4969,27.0,person4969@example.com,44937.99
167,Person_167,62.0,person167@example.com,29955.68
3464,Person_3464,43.0,person3464@example.com,60260.95
4322,Person_4322,58.0,person4322@example.com,41472.83
1025,Person_1025,52.0,person1025@example.com,65296.17
2093,Person_2093,64.0,person2093@example.com,30395.71
2245,Person_2245,56.0,person2245@example.com,57882.47
2342,Person_2342,23.0,person2342@example.com,54735.58
2211,Person_2211,53.0,person2211@example.com,67751.89
2081,Person_2081,,person2081@example.com,63771.51
4227,Person_4227,37.0,,57969.77
4315,Person_4315,38.0,person4315@example.com,79584.5
4760,Person_4760,43.0,person4760@example.com,44673.22
3514,Person_3514,52.0,person3514@example.com,71441.22
153,Person_153,40.0,person153@example.com,69156.7
3497,Person_3497,41.0,person3497@example.com,82502.94
4785,Person_4785,39.0,person4785@example.com,51827.73
2096,Person_2096,43.0,person2096@example.com,54311.26
3797,Person_3797,7.0,person3797@example.com,60262.95
1488,Person_1488,52.0,person1488@example.com,5000.0
1730,Person_1730,29.0,person1730@example.com,63350.37
2989,Person_2989,34.0,person2989@example.com,75532.35
1362,Person_1362,48.0,person1362@example.com,58566.93
4921,Person_4921,27.0,person4921@example.com,68220.85
3693,Person_3693,25.0,person3693@example.com,65560.79
3482,Person_3482,61.0,person3482@example.com,69005.45
32,Person_32,45.0,person32@example.com,59108.05
938,Person_938,39.0,person938@example.com,54579.91
2684,Person_2684,30.0,person2684@example.com,28864.39
753,Person_753,34.0,person753@example.com,55225.83
1211,Person_1211,45.0,person1211@example.com,53950.78
310,Person_310,50.0,person310@example.com,67460.55
2556,Person_2556,24.0,person2556@example.com,45651.77
1554,Person_1554,29.0,person1554@example.com,44346.77
3258,Person_3258,31.0,person3258@example.com,38493.87
3165,Person_3165,22.0,person3165@example.com,47373.51
496,Person_496,37.0,person496@example.com,60105.34
206,Person_206,19.0,person206@example.com,59301.44
1136,Person_1136,57.0,person1136@example.com,46482.53
2788,Person_2788,19.0,person2788@example.com,79991.92
3506,Person_3506,18.0,person3506@example.com,56510.64
3999,Person_3999,58.0,person3999@example.com,52007.56
306,Person_306,25.0,person306@example.com,70909.56
3961,Person_3961,,person3961@example.com,39957.93
1913,Person_1913,,person1913@example.com,54800.68
1062,Person_1062,50.0,person1062@example.com,70642.1
844,Person_844,59.0,person844@example.com,54570.09
3920,Person_3920,38.0,person3920@example.com,30405.83
2347,Person_2347,19.0,person2347@example.com,59099.92
212,Person_212,50.0,person212@example.com,63023.86
1109,Person_1109,21.0,person1109@example.com,39826.02
3879,Person_3879,52.0,person3879@example.com,74130.14
680,Person_680,28.0,person680@example.com,48232.63
566,Person_566,29.0,person566@example.com,44524.47
1205,Person_1205,24.0,person1205@example.com,38016.79
4351,Person_4351,43.0,person4351@example.com,51755.6
681,Person_681,29.0,person681@example.com,45205.39
181,Person_181,44.0,person181@example.com,48685.03
2991,Person_2991,51.0,person2991@example.com,50201.2
3410,Person_3410,64.0,person3410@example.com,42627.7
2414,Person_2414,55.0,person2414@example.com,64802.04
4473,Person_4473,43.0,not-a-valid-email,50024.43
279,Person_279,50.0,person279@example.com,35141.35
1193,Person_1193,41.0,,60152.09
1372,Person_1372,34.0,person1372@example.com,30910.52
433,Person_433,54.0,person433@example.com,60681.66
290,Person_290,42.0,person290@example.com,55929.77
1028,Person_1028,39.0,,56740.76
536,Person_536,38.0,person536@example.com,89420.84
4445,Person_4445,43.0,person4445@example.com,63238.81
189,Person_189,26.0,person189@example.com,61099.22
4569,Person_4569,63.0,person4569@example.com,72237.15
4089,Person_4089,45.0,person4089@example.com,52597.58
1262,Person_1262,54.0,person1262@example.com,32324.21
271,Person_271,26.0,person271@example.com,70164.48
5000,Person_5000,36.0,person5000@example.com,51403.65
4170,Person_4170,24.0,person4170@example.com,44214.4
4790,Person_4790,24.0,person4790@example.com,48996.87
3858,Person_3858,21.0,person3858@example.com,72659.02
112,Person_112,58.0,person112@example.com,59424.8
1171,Person_1171,32.0,person1171@example.com,66400.19
3250,Person_3250,47.0,person3250@example.com,65297.67
221,Person_221,21.0,person221@example.com,53605.25
1426,Person_1426,47.0,person1426@example.com,55027.46
628,Person_628,53.0,person628@example.com,61888.85
4726,Person_4726,59.0,person4726@example.com,37925.48
3505,Person_3505,18.0,person3505@example.com,66806.23
2521,Person_2521,19.0,person2521@example.com,49853.82
791,Person_791,55.0,person791@example.com,64786.01
2094,Person_2094,51.0,person2094@example.com,63870.17
462,Person_462,64.0,person462@example.com,56896.64
4629,Person_4629,45.0,person4629@example.com,57901.62
552,Person_552,29.0,person552@example.com,46453.35
2025,Person_2025,47.0,person2025@example.com,40732.44
4929,Person_4929,41.0,person4929@example.com,77224.48
199,Person_199,58.0,not-a-valid-email,36793.92
2699,Person_2699,57.0,person2699@example.com,44781.52
1785,Person_1785,52.0,person1785@example.com,59745.05
403,Person_403,39.0,person403@example.com,60407.24
3194,Person_3194,38.0,person3194@example.com,68101.66
2225,Person_2225,64.0,person2225@example.com,68158.57
4862,Person_4862,45.0,person4862@example.com,40300.0
2119,Person_2119,58.0,person2119@example.com,54248.22
1790,Person_1790,32.0,person1790@example.com,75128.53
4842,Person_4842,48.0,person4842@example.com,43230.54
651,Person_651,45.0,person651@example.com,55942.92
709,Person_709,63.0,person709@example.com,48398.62
2122,Person_2122,19.0,person2122@example.com,64575.93
4506,Person_4506,21.0,person4506@example.com,50466.82
1542,Person_1542,47.0,person1542@example.com,81354.68
4164,Person_4164,44.0,person4164@example.com,39131.83
3086,Person_3086,57.0,person3086@example.com,24921.14
4409,Person_4409,44.0,person4409@example.com,67735.08
315,Person_315,47.0,person315@example.com,69403.14
1627,Person_1627,43.0,person1627@example.com,64056.8
4568,Person_4568,50.0,person4568@example.com,52290.32
114,Person_114,24.0,person114@example.com,31867.93
961,Person_961,21.0,person961@example.com,63776.56
3040,Person_3040,45.0,person3040@example.com,59400.96
3211,Person_3211,44.0,person3211@example.com,64574.21
1742,Person_1742,28.0,person1742@example.com,56198.64
3470,Person_3470,41.0,person3470@example.com,51840.31
5100,Person_4915,63.0,person4915@example.com,45372.74
4225,Person_4225,40.0,person4225@example.com,45611.75
3340,Person_3340,23.0,person3340@example.com,50002.74
1294,Person_1294,19.0,person1294@example.com,59327.77
3564,Person_3564,21.0,person3564@example.com,60927.73
4622,Person_4622,,person4622@example.com,59897.63
1946,Person_1946,47.0,person1946@example.com,62519.36
3380,Person_3380,63.0,person3380@example.com,51003.55
3154,Person_3154,50.0,person3154@example.com,47422.76
327,Person_327,64.0,person327@example.com,60442.1
605,Person_605,55.0,person605@example.com,40817.51
4278,Person_4278,29.0,person4278@example.com,46939.35
3904,Person_3904,26.0,person3904@example.com,57440.31
2689,Person_2689,49.0,person2689@example.com,38067.32
1947,Person_1947,38.0,person1947@example.com,55546.77
1421,Person_1421,52.0,person1421@example.com,44430.95
2987,Person_2987,39.0,person2987@example.com,58979.77
2145,Person_2145,58.0,person2145@example.com,23502.2
4003,Person_4003,45.0,person4003@example.com,72547.06
4259,Person_4259,40.0,person4259@example.com,57340.92
1834,Person_1834,63.0,person1834@example.com,64194.92
1746,Person_1746,63.0,person1746@example.com,49029.13
790,Person_790,51.0,person790@example.com,78221.85
3222,Person_3222,37.0,person3222@example.com,56999.87
2118,Person_2118,,person2118@example.com,54830.81
1601,Person_1601,31.0,person1601@example.com,47439.7
872,Person_872,32.0,person872@example.com,47340.61
1819,Person_1819,53.0,person1819@example.com,69161.54
3264,Person_3264,25.0,person3264@example.com,47893.11
3650,Person_3650,64.0,person3650@example.com,52176.71
74,Person_74,31.0,person74@example.com,60753.3
1879,Person_1879,,person1879@example.com,52740.86
1520,Person_1520,49.0,person1520@example.com,61238.83
1438,Person_1438,41.0,person1438@example.com,58739.83
3146,Person_3146,20.0,person3146@example.com,49357.56
93,Person_93,62.0,person93@example.com,50684.44
4669,Person_4669,,person4669@example.com,60645.8
3977,Person_3977,33.0,person3977@example.com,63582.09
3351,Person_3351,31.0,person3351@example.com,55894.12
3014,Person_3014,39.0,person3014@example.com,32140.67
2322,Person_2322,41.0,person2322@example.com,49716.89
495,Person_495,44.0,person495@example.com,57222.11
3275,Person_3275,28.0,person3275@example.com,43018.71
2883,Person_2883,20.0,person2883@example.com,69233.75
2017,Person_2017,27.0,person2017@example.com,55314.46
1165,Person_1165,43.0,person1165@example.com,38317.34
2803,Person_2803,33.0,person2803@example.com,52274.73
1271,Person_1271,41.0,person1271@example.com,61074.89
2750,Person_2750,39.0,person2750@example.com,71793.84
3996,Person_3996,57.0,person3996@example.com,53237.76
2269,Person_2269,27.0,person2269@example.com,37335.56
4505,Person_4505,46.0,person4505@example.com,83408.97
619,Person_619,25.0,person619@example.com,68246.53
1965,Person_1965,53.0,person1965@example.com,62827.67
3490,Person_3490,58.0,person3490@example.com,53206.53
1722,Person_1722,27.0,person1722@example.com,44868.11
4772,Person_4772,42.0,person4772@example.com,57344.84
3274,Person_3274,52.0,person3274@example.com,60835.72
2457,Person_2457,24.0,person2457@example.com,53896.52
3560,Person_3560,34.0,person3560@example.com,56675.84
870,Person_870,25.0,person870@example.com,58443.47
2834,Person_2834,41.0,person2834@example.com,66429.54
1043,Person_1043,21.0,,72146.29
1457,Person_1457,43.0,person1457@example.com,51776.25
357,Person_357,48.0,person357@example.com,53879.36
1163,Person_1163,54.0,person1163@example.com,56678.65
4036,Person_4036,21.0,person4036@example.com,50282.92
2278,Person_2278,21.0,person2278@example.com,53233.54
3845,Person_3845,27.0,person3845@example.com,54805.32
1768,Person_1768,34.0,person1768@example.com,61530.64
1892,Person_1892,48.0,person1892@example.com,70495.29
4868,Person_4868,48.0,person4868@example.com,72804.93
4020,Person_4020,39.0,person4020@example.com,69366.02
3801,Person_3801,58.0,person3801@example.com,70223.0
1346,Person_1346,38.0,person1346@example.com,57175.01
3795,Person_3795,48.0,person3795@example.com,69727.29
333,Person_333,34.0,person333@example.com,43447.21
4923,Person_4923,32.0,person4923@example.com,35724.92
2857,Person_2857,53.0,person2857@example.com,47505.87
1718,Person_1718,34.0,person1718@example.com,66350.44
1259,Person_1259,40.0,person1259@example.com,47701.28
3830,Person_3830,53.0,person3830@example.com,64843.58
2299,Person_2299,,person2299@example.com,63793.95
1117,Person_1117,43.0,person1117@example.com,54461.28
3132,Person_3132,55.0,person3132@example.com,72332.95
3709,Person_3709,25.0,person3709@example.com,59374.74
4280,Person_4280,53.0,person4280@example.com,48339.8
5015,Person_4615,54.0,person4615@example.com,62623.95
3412,Person_3412,35.0,person3412@example.com,44956.24
4980,Person_4980,38.0,person4980@example.com,65827.26
446,Person_446,18.0,person446@example.com,50569.51
4657,Person_4657,59.0,person4657@example.com,67714.79
1919,Person_1919,42.0,person1919@example.com,59275.03
453,Person_453,29.0,person453@example.com,70943.69
3941,Person_3941,20.0,person3941@example.com,61634.86
4527,Person_4527,,person4527@example.com,57941.37
4692,Person_4692,39.0,person4692@example.com,56708.53
15,Person_15,41.0,person15@example.com,78449.89
4884,Person_4884,57.0,person4884@example.com,57036.97
946,Person_946,48.0,person946@example.com,61609.57
248,Person_248,50.0,,73252.07
4849,Person_4849,54.0,person4849@example.com,65262.42
361,Person_361,41.0,person361@example.com,76059.2
4753,Person_4753,51.0,person4753@example.com,47598.7
1653,Person_1653,45.0,person1653@example.com,62097.31
3568,Person_3568,30.0,person3568@example.com,42017.03
2400,Person_2400,61.0,person2400@example.com,57419.83
4031,Person_4031,36.0,person4031@example.com,64740.47
3314,Person_3314,21.0,person3314@example.com,66567.11
1875,Person_1875,19.0,person1875@example.com,57513.64
3892,Person_3892,26.0,person3892@example.com,47706.11
1435,Person_1435,,person1435@example.com,62426.64
4984,Person_4984,39.0,person4984@example.com,52646.88
2978,Person_2978,36.0,person2978@example.com,55573.9
491,Person_491,33.0,person491@example.com,63552.54
863,Person_863,16.0,person863@example.com,57692.08
4239,Person_4239,21.0,person4239@example.com,33469.7
2306,Person_2306,27.0,person2306@example.com,63802.57
3356,Person_3356,55.0,person3356@example.com,63669.36
2548,Person_2548,56.0,person2548@example.com,37204.19
1740,Person_1740,32.0,person1740@example.com,45863.74
2487,Person_2487,42.0,person2487@example.com,61672.27
507,Person_507,50.0,person507@example.com,75006.69
3138,Person_3138,64.0,person3138@example.com,29512.63
26,Person_26,29.0,person26@example.com,75220.17
4017,Person_4017,32.0,person4017@example.com,59000.44
1223,Person_1223,62.0,person1223@example.com,40847.57
1114,Person_1114,48.0,person1114@example.com,40791.63
2046,Person_2046,23.0,person2046@example.com,51924.63
4163,Person_4163,26.0,person4163@example.com,48681.34
4896,Person_4896,43.0,person4896@example.com,48890.87
4769,Person_4769,18.0,person4769@example.com,53855.91
3102,Person_3102,26.0,person3102@example.com,50667.89
434,Person_434,43.0,person434@example.com,51788.31
2154,Person_2154,38.0,person2154@example.com,53301.69
3300,Person_3300,29.0,person3300@example.com,65045.85
4709,Person_4709,23.0,person4709@example.com,82465.49
5062,Person_3474,60.0,person3474@example.com,65520.57
1944,Person_1944,24.0,person1944@example.com,52247.41
3308,Person_3308,39.0,person3308@example.com,68130.15
4314,Person_4314,42.0,person4314@example.com,55662.39
1506,Person_1506,35.0,person1506@example.com,48543.43
4024,Person_4024,61.0,person4024@example.com,76407.07
1103,Person_1103,32.0,person1103@example.com,62859.71
2728,Person_2728,49.0,person2728@example.com,50858.24
1770,Person_1770,45.0,person1770@example.com,61168.75
2228,Person_2228,25.0,person2228@example.com,68468.49
4011,Person_4011,57.0,person4011@example.com,67580.8
157,Person_157,60.0,person157@example.com,41772.49
3113,Person_3113,21.0,person3113@example.com,40002.16
2418,Person_2418,50.0,person2418@example.com,54164.4
616,Person_616,54.0,person616@example.com,44151.18
644,Person_644,45.0,person644@example.com,53356.05
3602,Person_3602,54.0,person3602@example.com,65283.71
1756,Person_1756,46.0,person1756@example.com,77192.35
1069,Person_1069,23.0,person1069@example.com,33747.18
3793,Person_3793,35.0,person3793@example.com,54202.61
2758,Person_2758,47.0,person2758@example.com,46022.85
4328,Person_4328,56.0,person4328@example.com,43212.11
3927,Person_3927,113.0,person3927@example.com,50279.41
331,Person_331,21.0,person331@example.com,50889.41
3890,Person_3890,19.0,person3890@example.com,70937.99
2759,Person_2759,56.0,person2759@example.com,31392.1
4909,Person_4909,18.0,person4909@example.com,73060.74
623,Person_623,34.0,person623@example.com,41894.04
4944,Person_4944,32.0,person4944@example.com,42291.55
2423,Person_2423,38.0,person2423@example.com,56795.18
3569,Person_3569,51.0,person3569@example.com,50160.55
3843,Person_3843,44.0,person3843@example.com,59694.51
2058,Person_2058,23.0,person2058@example.com,59610.42
4220,Person_4220,57.0,person4220@example.com,39141.33
4306,Person_4306,34.0,person4306@example.com,55386.22
756,Person_756,26.0,person756@example.com,77767.46
519,Person_519,40.0,person519@example.com,58405.01
3971,Person_3971,49.0,person3971@example.com,55365.72
33,Person_33,33.0,person33@example.com,73649.93
5022,Person_2374,53.0,person2374@example.com,72736.86
1158,Person_1158,39.0,person1158@example.com,52412.69
745,Person_745,55.0,person745@example.com,49268.25
1500,Person_1500,32.0,person1500@example.com,47484.22
3072,Person_3072,57.0,person3072@example.com,50728.31
1757,Person_1757,,person1757@example.com,65117.26
2701,Person_2701,42.0,person2701@example.com,36621.58
784,Person_784,38.0,person784@example.com,35828.81
2229,Person_2229,33.0,person2229@example.com,49482.82
2610,Person_2610,45.0,person2610@example.com,51876.29
230,Person_230,192.0,person230@example.com,72672.05
858,Person_858,,person858@example.com,69335.11
2846,Person_2846,36.0,person2846@example.com,59879.46
1972,Person_1972,35.0,person1972@example.com,68270.0
2460,Person_2460,32.0,person2460@example.com,66683.47
409,Person_409,54.0,person409@example.com,59667.74
171,Person_171,61.0,person171@example.com,43761.92
541,Person_541,41.0,person541@example.com,60295.69
2304,Person_2304,49.0,person2304@example.com,53301.64
4538,Person_4538,23.0,person4538@example.com,47281.8
2674,Person_2674,58.0,person2674@example.com,48314.43
614,Person_614,22.0,person614@example.com,82840.49
1596,Person_1596,,person1596@example.com,38612.59
1942,Person_1942,32.0,person1942@example.com,54585.39
3729,Person_3729,20.0,person3729@example.com,56622.28
1162,Person_1162,63.0,person1162@example.com,74843.41
3277,Person_3277,38.0,person3277@example.com,78896.45
2463,Person_2463,19.0,person2463@example.com,45806.55
2312,Person_2312,52.0,person2312@example.com,79506.13
1727,Person_1727,31.0,person1727@example.com,57720.21
1579,Person_1579,23.0,person1579@example.com,45650.89
3239,Person_3239,62.0,person3239@example.com,60914.61
565,Person_565,53.0,person565@example.com,52411.99
3893,Person_3893,26.0,person3893@example.com,33815.35
4337,Person_4337,,person4337@example.com,60529.57
3204,Person_3204,13.0,person3204@example.com,44183.49
4717,Person_4717,60.0,person4717@example.com,41389.95
1478,Person_1478,47.0,person1478@example.com,47981.11
1744,Person_1744,43.0,person1744@example.com,72960.52
5028,Person_4029,27.0,person4029@example.com,62379.34
5030,Person_164,45.0,person164@example.com,69747.77
4188,Person_4188,21.0,person4188@example.com,60397.93
4757,Person_4757,46.0,person4757@example.com,40828.33
2587,Person_2587,51.0,person2587@example.com,37046.09
4129,Person_4129,56.0,person4129@example.com,59631.64
1173,Person_1173,64.0,,36607.59
3263,Person_3263,45.0,person3263@example.com,59055.47
326,Person_326,45.0,person326@example.com,47101.02
1052,Person_1052,57.0,person1052@example.com,79504.91
3077,Person_3077,29.0,person3077@example.com,60487.89
4557,Person_4557,,person4557@example.com,59639.03
3015,Person_3015,29.0,person3015@example.com,49793.52
4005,Person_4005,32.0,person4005@example.com,67870.5
4547,Person_4547,,person4547@example.com,67680.7
1197,Person_1197,41.0,person1197@example.com,75028.83
621,Person_621,18.0,person621@example.com,54971.15
2577,Person_2577,54.0,person2577@example.com,67322.74
3011,Person_3011,51.0,person3011@example.com,60405.95
1190,Person_1190,34.0,person1190@example.com,67019.58
329,Person_329,22.0,person329@example.com,55707.81
649,Person_649,20.0,person649@example.com,47874.26
898,Person_898,54.0,person898@example.com,55008.19
3937,Person_3937,31.0,person3937@example.com,44758.05
1124,Person_1124,57.0,person1124@example.com,60770.9
3704,Person_3704,18.0,person3704@example.com,57183.88
4740,Person_4740,50.0,person4740@example.com,73032.81
3056,Person_3056,22.0,person3056@example.com,61199.73
3091,Person_3091,25.0,person3091@example.com,92179.59
4406,Person_4406,29.0,person4406@example.com,56960.32
1540,Person_1540,62.0,person1540@example.com,36482.58
3459,Person_3459,52.0,person3459@example.com,73953.25
2237,Person_2237,43.0,person2237@example.com,55993.99
1908,Person_1908,,person1908@example.com,48851.51
1619,Person_1619,22.0,person1619@example.com,45849.77
1024,Person_1024,52.0,person1024@example.com,27206.27
4523,Person_4523,62.0,person4523@example.com,56927.8
3115,Person_3115,55.0,person3115@example.com,55404.63
1719,Person_1719,29.0,person1719@example.com,44192.92
2362,Person_2362,40.0,person2362@example.com,74290.94
4222,Person_4222,38.0,person4222@example.com,41427.19
810,Person_810,27.0,person810@example.com,60705.17
4805,Person_4805,19.0,person4805@example.com,75938.34
979,Person_979,50.0,person979@example.com,62237.14
4546,Person_4546,45.0,person4546@example.com,46155.65
2805,Person_2805,23.0,person2805@example.com,56626.76
4076,Person_4076,23.0,person4076@example.com,55105.46
4985,Person_4985,55.0,person4985@example.com,59916.22
4416,Person_4416,31.0,person4416@example.com,44902.61
1504,Person_1504,42.0,person1504@example.com,41487.35
2727,Person_2727,61.0,person2727@example.com,56284.69
2777,Person_2777,49.0,person2777@example.com,55993.27
3700,Person_3700,18.0,person3700@example.com,71043.63
1895,Person_1895,29.0,person1895@example.com,52408.47
175,Person_175,28.0,person175@example.com,28141.23
4882,Person_4882,25.0,person4882@example.com,64815.78
4244,Person_4244,20.0,person4244@example.com,63430.4
2688,Person_2688,49.0,person2688@example.com,56792.1
4555,Person_4555,45.0,person4555@example.com,78803.6
218,Person_218,49.0,person218@example.com,54229.74
4088,Person_4088,48.0,person4088@example.com,47712.86
3884,Person_3884,30.0,person3884@example.com,58230.17
1445,Person_1445,54.0,person1445@example.com,54275.16
691,Person_691,45.0,person691@example.com,61067.07
2687,Person_2687,33.0,person2687@example.com,3500000.0
4816,Person_4816,62.0,person4816@example.com,35969.85
4141,Person_4141,54.0,person4141@example.com,56104.66
1107,Person_1107,46.0,person1107@example.com,44722.02
3653,Person_3653,24.0,person3653@example.com,31216.43
2037,Person_2037,54.0,person2037@example.com,55019.43
5040,Person_226,22.0,person226@example.com,49533.53
612,Person_612,44.0,person612@example.com,43212.36
4101,Person_4101,35.0,person4101@example.com,44076.11
3666,Person_3666,20.0,person3666@example.com,52745.69
3874,Person_3874,58.0,person3874@example.com,33483.08
577,Person_577,33.0,person577@example.com,29171.4
4460,Person_4460,29.0,person4460@example.com,53608.04
4529,Person_4529,18.0,person4529@example.com,47462.21
1181,Person_1181,43.0,person1181@example.com,28646.47
889,Person_889,63.0,person889@example.com,70110.8
4050,Person_4050,43.0,person4050@example.com,26381.13
1933,Person_1933,39.0,person1933@example.com,30791.93
4928,Person_4928,,person4928@example.com,63452.03
818,Person_818,30.0,person818@example.com,74550.0
3424,Person_3424,57.0,person3424@example.com,37539.34
4519,Person_4519,42.0,person4519@example.com,54855.48
209,Person_209,40.0,person209@example.com,63226.09
294,Person_294,35.0,person294@example.com,53136.89
1120,Person_1120,22.0,person1120@example.com,69060.61
4699,Person_4699,49.0,person4699@example.com,45733.69
2836,Person_2836,33.0,person2836@example.com,75039.07
1265,Person_1265,45.0,person1265@example.com,50233.66
991,Person_991,60.0,person991@example.com,48139.05
2370,Person_2370,47.0,person2370@example.com,56209.49
4285,Person_4285,40.0,person4285@example.com,62056.92
3655,Person_3655,52.0,person3655@example.com,65780.31
354,Person_354,35.0,person354@example.com,50251.83
3334,Person_3334,23.0,person3334@example.com,64807.67
1594,Person_1594,52.0,person1594@example.com,45489.72
4041,Person_4041,60.0,person4041@example.com,43544.58
1490,Person_1490,62.0,person1490@example.com,49049.46
3800,Person_3800,28.0,person3800@example.com,51903.45
2894,Person_2894,63.0,person2894@example.com,60507.93
4059,Person_4059,32.0,person4059@example.com,29512.09
1229,Person_1229,35.0,person1229@example.com,55721.03
260,Person_260,59.0,,51893.75
1630,Person_1630,54.0,person1630@example.com,47253.14
4920,Person_4920,39.0,person4920@example.com,65133.47
4838,Person_4838,60.0,person4838@example.com,71189.62
1898,Person_1898,45.0,person1898@example.com,70740.32
2648,Person_2648,36.0,person2648@example.com,68947.12
53,Person_53,24.0,person53@example.com,41432.62
2288,Person_2288,27.0,person2288@example.com,61801.26
3313,Person_3313,46.0,person3313@example.com,53231.92
4901,Person_4901,35.0,person4901@example.com,44228.09
4237,Person_4237,63.0,person4237@example.com,70599.85
3957,Person_3957,64.0,person3957@example.com,65370.98
2442,Person_2442,29.0,person2442@example.com,52463.39
1480,Person_1480,52.0,person1480@example.com,59313.71
1508,Person_1508,33.0,,32687.96
1034,Person_1034,31.0,person1034@example.com,38823.43
1098,Person_1098,48.0,person1098@example.com,56913.55
1470,Person_1470,32.0,person1470@example.com,60898.07
544,Person_544,,person544@example.com,32705.18
1047,Person_1047,42.0,person1047@example.com,70034.11
3155,Person_3155,38.0,person3155@example.com,69920.87
2517,Person_2517,36.0,not-a-valid-email,52301.76
31,Person_31,59.0,person31@example.com,50978.35
726,Person_726,28.0,person726@example.com,71154.71
2534,Person_2534,24.0,person2534@example.com,65053.97
3164,Person_3164,34.0,person3164@example.com,50361.5
4077,Person_4077,46.0,person4077@example.com,55694.37
1427,Person_1427,55.0,person1427@example.com,67844.38
3719,Person_3719,51.0,person3719@example.com,48392.96
4055,Person_4055,50.0,person4055@example.com,64836.88
437,Person_437,29.0,person437@example.com,53810.87
3956,Person_3956,33.0,person3956@example.com,47437.01
913,Person_913,27.0,person913@example.com,69337.15
4310,Person_4310,39.0,person4310@example.com,59857.88
4251,Person_4251,46.0,person4251@example.com,56134.33
4606,Person_4606,26.0,person4606@example.com,45927.95
3478,Person_3478,62.0,person3478@example.com,78435.01
4393,Person_4393,19.0,person4393@example.com,44470.19
1700,Person_1700,47.0,person1700@example.com,65162.59
1239,Person_1239,25.0,person1239@example.com,50053.35
904,Person_904,39.0,person904@example.com,50017.43
2305,Person_2305,28.0,person2305@example.com,74179.86
3289,Person_3289,34.0,person3289@example.com,65362.34
1615,Person_1615,26.0,person1615@example.com,54761.52
508,Person_508,57.0,person508@example.com,73278.86
4195,Person_4195,27.0,person4195@example.com,66361.69
184,Person_184,20.0,person184@example.com,59595.87
4795,Person_4795,19.0,person4795@example.com,75708.33
1498,Person_1498,61.0,person1498@example.com,43363.08
1962,Person_1962,19.0,person1962@example.com,74984.22
322,Person_322,51.0,person322@example.com,60390.62
1906,Person_1906,23.0,person1906@example.com,30760.87
1621,Person_1621,51.0,person1621@example.com,47853.58
1887,Person_1887,23.0,person1887@example.com,61549.44
3484,Person_3484,49.0,person3484@example.com,70342.9
1910,Person_1910,58.0,person1910@example.com,51284.2
4180,Person_4180,31.0,person4180@example.com,45221.58
4029,Person_4029,27.0,person4029@example.com,62379.34
1552,Person_1552,41.0,person1552@example.com,72093.95
4531,Person_4531,53.0,person4531@example.com,51915.37
1147,Person_1147,22.0,person1147@example.com,70552.76
4377,Person_4377,33.0,person4377@example.com,45647.5
2427,Person_2427,18.0,person2427@example.com,59711.61
45,Person_45,42.0,person45@example.com,76065.71
2776,Person_2776,52.0,person2776@example.com,60407.36
3955,Person_3955,45.0,person3955@example.com,64997.89
1958,Person_1958,58.0,person1958@example.com,49344.21
3486,Person_3486,20.0,person3486@example.com,42083.43
1379,Person_1379,18.0,person1379@example.com,70734.01
1893,Person_1893,,person1893@example.com,60061.36
3149,Person_3149,47.0,person3149@example.com,38420.9
414,Person_414,22.0,person414@example.com,74864.89
4370,Person_4370,23.0,person4370@example.com,70054.22
1408,Person_1408,43.0,,36634.46
1780,Person_1780,20.0,,35862.93
802,Person_802,47.0,person802@example.com,54267.95
1289,Person_1289,36.0,person1289@example.com,30219.0
1559,Person_1559,,person1559@example.com,54282.09
3657,Person_3657,25.0,person3657@example.com,48848.93
3836,Person_3836,29.0,person3836@example.com,22905.19
1663,Person_1663,55.0,person1663@example.com,46930.17
2623,Person_2623,,person2623@example.com,60707.06
257,Person_257,40.0,person257@example.com,48652.27
1925,Person_1925,25.0,person1925@example.com,36460.75
2410,Person_2410,49.0,person2410@example.com,61232.3
1152,Person_1152,48.0,person1152@example.com,62096.19
2630,Person_2630,25.0,person2630@example.com,49024.46
648,Person_648,,person648@example.com,55925.88
4468,Person_4468,19.0,person4468@example.com,62243.75
2373,Person_2373,61.0,person2373@example.com,59013.26
3035,Person_3035,45.0,person3035@example.com,59060.29
2705,Person_2705,,person2705@example.com,48681.62
4323,Person_4323,41.0,person4323@example.com,41116.7
3935,Person_3935,34.0,person3935@example.com,41811.53
1316,Person_1316,41.0,person1316@example.com,37915.81
1089,Person_1089,21.0,person1089@example.com,55094.56
2089,Person_2089,55.0,person2089@example.com,53198.6
4206,Person_4206,46.0,person4206@example.com,71071.92
1903,Person_1903,37.0,person1903@example.com,63236.24
1351,Person_1351,51.0,person1351@example.com,72546.35
2603,Person_2603,18.0,person2603@example.com,45892.35
113,Person_113,45.0,person113@example.com,59725.57
3278,Person_3278,38.0,person3278@example.com,59714.96
264,Person_264,43.0,person264@example.com,58240.69
1394,Person_1394,39.0,person1394@example.com,55867.35
4456,Person_4456,43.0,person4456@example.com,54312.76
1187,Person_1187,44.0,person1187@example.com,45400.71
4275,Person_4275,64.0,person4275@example.com,39214.7
57,Person_57,52.0,person57@example.com,65744.27
1310,Person_1310,26.0,person1310@example.com,48050.51
696,Person_696,45.0,person696@example.com,61837.12
4291,Person_4291,64.0,person4291@example.com,64228.38
2087,Person_2087,46.0,person2087@example.com,53624.31
2586,Person_2586,21.0,person2586@example.com,60480.26
3033,Person_3033,32.0,person3033@example.com,47462.28
1863,Person_1863,50.0,person1863@example.com,72425.41
320,Person_320,44.0,person320@example.com,50337.75
3293,Person_3293,18.0,person3293@example.com,60615.41
1590,Person_1590,34.0,person1590@example.com,36673.99
683,Person_683,49.0,person683@example.com,65339.63
3590,Person_3590,30.0,person3590@example.com,63144.74
3888,Person_3888,53.0,person3888@example.com,47532.76
480,Person_480,51.0,person480@example.com,70966.9
3660,Person_3660,34.0,,76448.16
2979,Person_2979,42.0,person2979@example.com,48229.65
287,Person_287,52.0,person287@example.com,55864.44
5014,Person_1137,35.0,person1137@example.com,66746.67
3768,Person_3768,36.0,person3768@example.com,26431.13
3896,Person_3896,39.0,,55701.39
4899,Person_4899,43.0,person4899@example.com,58667.99
1840,Person_1840,,person1840@example.com,62011.77
3652,Person_3652,21.0,person3652@example.com,36460.77
1599,Person_1599,26.0,person1599@example.com,39311.56
1721,Person_1721,34.0,person1721@example.com,59204.44
2171,Person_2171,52.0,person2171@example.com,38919.14
737,Person_737,,person737@example.com,56691.79
1860,Person_1860,27.0,person1860@example.com,48152.31
337,Person_337,46.0,person337@example.com,47961.62
4197,Person_4197,58.0,person4197@example.com,60069.22
4067,Person_4067,35.0,person4067@example.com,28388.91
2754,Person_2754,20.0,person2754@example.com,52558.47
4495,Person_4495,32.0,person4495@example.com,56675.82
1072,Person_1072,24.0,person1072@example.com,2000000.0
4689,Person_4689,33.0,person4689@example.com,55528.75
1967,Person_1967,56.0,person1967@example.com,60763.13
2388,Person_2388,25.0,person2388@example.com,75449.22
3833,Person_3833,30.0,person3833@example.com,48800.63
4199,Person_4199,22.0,person4199@example.com,50593.55
82,Person_82,33.0,person82@example.com,39446.6
3516,Person_3516,64.0,person3516@example.com,54612.68
1489,Person_1489,61.0,person1489@example.com,26356.84
499,Person_499,52.0,person499@example.com,43572.2
4435,Person_4435,40.0,person4435@example.com,16347.8
3788,Person_3788,47.0,person3788@example.com,62962.55
2664,Person_2664,25.0,not-a-valid-email,74067.28
2438,Person_2438,32.0,person2438@example.com,50110.48
3051,Person_3051,56.0,person3051@example.com,61845.05
4784,Person_4784,46.0,person4784@example.com,64702.85
2218,Person_2218,36.0,person2218@example.com,71970.25
1611,Person_1611,42.0,person1611@example.com,41470.05
2246,Person_2246,30.0,person2246@example.com,70037.59
2375,Person_2375,22.0,person2375@example.com,43076.93
2128,Person_2128,,person2128@example.com,62436.87
1023,Person_1023,29.0,person1023@example.com,40603.63
2379,Person_2379,64.0,person2379@example.com,66475.54
4986,Person_4986,48.0,person4986@example.com,47836.08
2100,Person_2100,35.0,person2100@example.com,35849.27
5066,Person_119,50.0,person119@example.com,54371.15
3966,Person_3966,58.0,person3966@example.com,47011.68
666,Person_666,53.0,person666@example.com,40656.47
4903,Person_4903,55.0,person4903@example.com,50495.11
2751,Person_2751,60.0,person2751@example.com,47456.15
4318,Person_4318,18.0,person4318@example.com,55391.67
4356,Person_4356,21.0,person4356@example.com,62170.45
4541,Person_4541,27.0,person4541@example.com,53588.14
1018,Person_1018,61.0,person1018@example.com,33563.49
558,Person_558,47.0,person558@example.com,69073.08
2498,Person_2498,29.0,person2498@example.com,64249.0
1208,Person_1208,58.0,person1208@example.com,44860.7
3712,Person_3712,18.0,person3712@example.com,72710.55
3443,Person_3443,,person3443@example.com,37268.65
2224,Person_2224,46.0,person2224@example.com,53280.89
1511,Person_1511,61.0,person1511@example.com,77279.77
2895,Person_2895,43.0,,52741.57
1685,Person_1685,19.0,person1685@example.com,61178.6
246,Person_246,24.0,person246@example.com,64328.89
1164,Person_1164,38.0,person1164@example.com,66953.42
5061,Person_3161,28.0,person3161@example.com,47114.38
2998,Person_2998,51.0,person2998@example.com,47753.69
267,Person_267,29.0,person267@example.com,38580.22
2464,Person_2464,44.0,person2464@example.com,41463.25
1115,Person_1115,53.0,person1115@example.com,50201.21
64,Person_64,23.0,person64@example.com,52642.4
4010,Person_4010,43.0,person4010@example.com,60529.9
4771,Person_4771,,person4771@example.com,28052.97
2472,Person_2472,42.0,person2472@example.com,32763.78
2878,Person_2878,26.0,person2878@example.com,59693.53
4721,Person_4721,27.0,person4721@example.com,51081.57
4035,Person_4035,57.0,person4035@example.com,34472.76
2365,Person_2365,55.0,person2365@example.com,40852.92
4775,Person_4775,46.0,person4775@example.com,52294.08
2355,Person_2355,25.0,person2355@example.com,51337.73
3092,Person_3092,54.0,person3092@example.com,51901.9
1783,Person_1783,32.0,person1783@example.com,65573.76
2338,Person_2338,20.0,person2338@example.com,45246.12
1238,Person_1238,18.0,person1238@example.com,26316.35
104,Person_104,34.0,person104@example.com,48405.52
2756,Person_2756,40.0,person2756@example.com,62915.8
273,Person_273,52.0,person273@example.com,61521.75
509,Person_509,27.0,person509@example.com,63827.46
2482,Person_2482,63.0,person2482@example.com,57565.71
5033,Person_4604,50.0,person4604@example.com,43332.42
1979,Person_1979,25.0,person1979@example.com,42555.21
866,Person_866,34.0,,70743.8
3188,Person_3188,1.0,person3188@example.com,36756.56
909,Person_909,30.0,person909@example.com,63314.27
2202,Person_2202,60.0,person2202@example.com,41158.09
4609,Person_4609,19.0,person4609@example.com,41584.87
4070,Person_4070,,person4070@example.com,64864.79
1628,Person_1628,35.0,person1628@example.com,57393.09
3001,Person_3001,23.0,person3001@example.com,66684.71
1523,Person_1523,56.0,person1523@example.com,58318.98
836,Person_836,44.0,person836@example.com,72412.02
359,Person_359,57.0,person359@example.com,36826.36
139,Person_139,56.0,person139@example.com,57601.31
300,Person_300,50.0,person300@example.com,38974.22
1557,Person_1557,60.0,person1557@example.com,64114.18
1004,Person_1004,37.0,person1004@example.com,55473.36
383,Person_383,30.0,person383@example.com,31586.78
942,Person_942,21.0,person942@example.com,57552.88
2053,Person_2053,37.0,person2053@example.com,47014.93
3913,Person_3913,61.0,person3913@example.com,37735.36
762,Person_762,18.0,person762@example.com,56583.14
2882,Person_2882,27.0,person2882@example.com,22130.32
3607,Person_3607,22.0,person3607@example.com,40124.94
2656,Person_2656,25.0,person2656@example.com,56369.22
2174,Person_2174,31.0,person2174@example.com,66613.91
2289,Person_2289,50.0,person2289@example.com,47111.53
899,Person_899,45.0,person899@example.com,64385.56
4131,Person_4131,37.0,person4131@example.com,66137.09
4413,Person_4413,50.0,person4413@example.com,44914.08
1403,Person_1403,34.0,person1403@example.com,52595.77
3017,Person_3017,64.0,,45795.19
3952,Person_3952,55.0,person3952@example.com,73433.88
4477,Person_4477,46.0,person4477@example.com,63757.28
4027,Person_4027,43.0,person4027@example.com,56767.58
1513,Person_1513,52.0,person1513@example.com,58893.5
1189,Person_1189,44.0,person1189@example.com,50283.37
3124,Person_3124,37.0,person3124@example.com,71345.59
2134,Person_2134,21.0,person2134@example.com,47155.85
4048,Person_4048,58.0,person4048@example.com,59389.12
3838,Person_3838,34.0,person3838@example.com,52870.1
4355,Person_4355,49.0,person4355@example.com,73432.73
109,Person_109,22.0,person109@example.com,76990.68
3013,Person_3013,56.0,person3013@example.com,61671.3
2405,Person_2405,23.0,person2405@example.com,49232.22
3385,Person_3385,62.0,person3385@example.com,63944.33
59,Person_59,34.0,person59@example.com,58037.98
77,Person_77,25.0,person77@example.com,40561.59
797,Person_797,51.0,person797@example.com,55542.67
369,Person_369,19.0,person369@example.com,46203.6
5005,Person_920,64.0,person920@example.com,43625.29
786,Person_786,19.0,person786@example.com,52438.52
2654,Person_2654,47.0,person2654@example.com,51701.86
4054,Person_4054,28.0,person4054@example.com,56897.14
5035,Person_2049,31.0,person2049@example.com,48582.92
2111,Person_2111,21.0,person2111@example.com,70844.97
2196,Person_2196,32.0,person2196@example.com,42786.83
3686,Person_3686,41.0,person3686@example.com,54954.35
2043,Person_2043,45.0,person2043@example.com,44580.87
2819,Person_2819,57.0,person2819@example.com,44723.82
122,Person_122,54.0,person122@example.com,54255.95
4521,Person_4521,45.0,person4521@example.com,54311.23
2956,Person_2956,32.0,person2956@example.com,43931.04
3804,Person_3804,48.0,person3804@example.com,72095.53
911,Person_911,42.0,person911@example.com,43170.35
125,Person_125,57.0,person125@example.com,34553.54
2079,Person_2079,40.0,person2079@example.com,88062.61
1587,Person_1587,59.0,person1587@example.com,37191.32
1258,Person_1258,41.0,person1258@example.com,64226.08
3592,Person_3592,51.0,person3592@example.com,41391.76
3633,Person_3633,61.0,person3633@example.com,56668.34
3533,Person_3533,20.0,person3533@example.com,45928.59
1179,Person_1179,52.0,person1179@example.com,54231.07
2835,Person_2835,54.0,person2835@example.com,75270.27
4834,Person_4834,60.0,person4834@example.com,51268.75
3622,Person_3622,22.0,person3622@example.com,62428.4
2433,Person_2433,35.0,person2433@example.com,46691.79
2830,Person_2830,21.0,person2830@example.com,85010.81
443,Person_443,42.0,person443@example.com,53672.02
3408,Person_3408,64.0,person3408@example.com,44524.13
2999,Person_2999,23.0,person2999@example.com,50881.53
926,Person_926,61.0,person926@example.com,47388.57
2765,Person_2765,25.0,person2765@example.com,73185.34
2234,Person_2234,19.0,person2234@example.com,38199.15
4869,Person_4869,20.0,person4869@example.com,46182.27
1412,Person_1412,57.0,person1412@example.com,32319.88
3619,Person_3619,28.0,person3619@example.com,49101.26
1877,Person_1877,56.0,person1877@example.com,54928.54
1510,Person_1510,59.0,person1510@example.com,61700.04
1228,Person_1228,36.0,person1228@example.com,64130.16
3759,Person_3759,46.0,person3759@example.com,40506.89
2489,Person_2489,51.0,person2489@example.com,32841.12
3665,Person_3665,55.0,person3665@example.com,51892.73
4961,Person_4961,55.0,person4961@example.com,42643.65
3427,Person_3427,29.0,person3427@example.com,77423.24
325,Person_325,50.0,person325@example.com,25140.07
3221,Person_3221,31.0,person3221@example.com,63068.67
2187,Person_2187,43.0,person2187@example.com,48166.6
4585,Person_4585,53.0,person4585@example.com,19549.01
3766,Person_3766,30.0,person3766@example.com,51223.71
4819,Person_4819,,person4819@example.com,54122.71
3174,Person_3174,33.0,person3174@example.com,58855.5
1499,Person_1499,56.0,person1499@example.com,56326.42
1503,Person_1503,39.0,person1503@example.com,44717.78
1007,Person_1007,26.0,person1007@example.com,58372.11
2283,Person_2283,27.0,person2283@example.com,57311.16
3976,Person_3976,29.0,person3976@example.com,58216.61
3669,Person_3669,64.0,person3669@example.com,52939.92
1468,Person_1468,,person1468@example.com,43405.04
1226,Person_1226,33.0,person1226@example.com,73336.38
3882,Person_3882,24.0,person3882@example.com,51879.56
2510,Person_2510,46.0,person2510@example.com,61051.45
4749,Person_4749,46.0,person4749@example.com,42328.12
3752,Person_3752,51.0,person3752@example.com,66951.68
1217,Person_1217,47.0,person1217@example.com,50842.88
4443,Person_4443,58.0,person4443@example.com,71396.67
3651,Person_3651,64.0,person3651@example.com,80749.9
421,Person_421,64.0,person421@example.com,32087.73
3572,Person_3572,40.0,person3572@example.com,52797.66
7,Person_7,56.0,person7@example.com,60998.37
933,Person_933,51.0,person933@example.com,53515.21
1692,Person_1692,57.0,person1692@example.com,43429.6
440,Person_440,64.0,person440@example.com,60640.53
1314,Person_1314,39.0,person1314@example.com,53942.91
679,Person_679,40.0,person679@example.com,68270.81
2742,Person_2742,32.0,person2742@example.com,76218.03
4705,Person_4705,57.0,person4705@example.com,67626.53
1955,Person_1955,37.0,person1955@example.com,72783.53
4467,Person_4467,33.0,person4467@example.com,52978.96
5059,Person_811,34.0,person811@example.com,45453.32
4729,Person_4729,31.0,person4729@example.com,49588.07
2210,Person_2210,42.0,person2210@example.com,57536.76
2621,Person_2621,36.0,person2621@example.com,48786.91
4110,Person_4110,46.0,person4110@example.com,57142.35
1087,Person_1087,,person1087@example.com,58086.39
3807,Person_3807,35.0,person3807@example.com,45860.95
4333,Person_4333,56.0,person4333@example.com,27570.67
4282,Person_4282,58.0,person4282@example.com,80093.13
3559,Person_3559,64.0,person3559@example.com,47795.37
195,Person_195,32.0,person195@example.com,54453.85
1475,Person_1475,46.0,person1475@example.com,58340.18
3519,Person_3519,28.0,person3519@example.com,61249.07
3649,Person_3649,45.0,person3649@example.com,30074.56
2230,Person_2230,59.0,person2230@example.com,61520.69
1212,Person_1212,57.0,person1212@example.com,61579.84
2537,Person_2537,50.0,person2537@example.com,64010.47
1658,Person_1658,62.0,person1658@example.com,69345.77
4748,Person_4748,18.0,person4748@example.com,67259.5
4103,Person_4103,40.0,person4103@example.com,50492.4
2820,Person_2820,56.0,person2820@example.com,47660.4
2314,Person_2314,38.0,person2314@example.com,59777.77
3321,Person_3321,62.0,person3321@example.com,67858.19
1989,Person_1989,22.0,person1989@example.com,52709.53
1131,Person_1131,63.0,person1131@example.com,69851.85
1462,Person_1462,24.0,person1462@example.com,52043.4
277,Person_277,37.0,person277@example.com,63789.91
4623,Person_4623,21.0,person4623@example.com,38492.39
2317,Person_2317,59.0,person2317@example.com,52768.91
2795,Person_2795,43.0,person2795@example.com,63437.71
4404,Person_4404,25.0,person4404@example.com,59245.25
1303,Person_1303,40.0,person1303@example.com,49140.71
2620,Person_2620,62.0,person2620@example.com,54889.81
223,Person_223,34.0,person223@example.com,73937.42
4893,Person_4893,32.0,person4893@example.com,66931.59
49,Person_49,19.0,person49@example.com,54112.63
574,Person_574,48.0,person574@example.com,61648.69
1237,Person_1237,21.0,person1237@example.com,47836.31
3699,Person_3699,20.0,person3699@example.com,61257.39
2222,Person_2222,63.0,person2222@example.com,57862.66
3075,Person_3075,37.0,person3075@example.com,40209.52
1335,Person_1335,63.0,person1335@example.com,57457.11
4590,Person_4590,55.0,person4590@example.com,49972.44
3197,Person_3197,31.0,person3197@example.com,53176.39
419,Person_419,49.0,person419@example.com,53327.23
268,Person_268,22.0,person268@example.com,78847.31
1105,Person_1105,25.0,person1105@example.com,43073.65
258,Person_258,48.0,person258@example.com,42321.31
296,Person_296,52.0,person296@example.com,44675.38
2459,Person_2459,,person2459@example.com,64535.2
1936,Person_1936,58.0,person1936@example.com,56543.41
387,Person_387,37.0,person387@example.com,53866.5
3455,Person_3455,19.0,person3455@example.com,56721.12
3232,Person_3232,63.0,person3232@example.com,36032.75
4815,Person_4815,,person4815@example.com,66824.8
2343,Person_2343,58.0,person2343@example.com,68462.34
4426,Person_4426,56.0,person4426@example.com,52785.38
3668,Person_3668,30.0,person3668@example.com,70293.14
4366,Person_4366,21.0,person4366@example.com,43758.46
5009,Person_1065,31.0,person1065@example.com,67021.9
1564,Person_1564,51.0,person1564@example.com,66152.92
2032,Person_2032,29.0,person2032@example.com,55408.1
1401,Person_1401,52.0,person1401@example.com,51469.09
713,Person_713,22.0,person713@example.com,39488.5
3045,Person_3045,25.0,person3045@example.com,54456.95
2634,Person_2634,62.0,person2634@example.com,64249.63
210,Person_210,54.0,person210@example.com,77183.31
910,Person_910,37.0,person910@example.com,63815.65
1290,Person_1290,36.0,person1290@example.com,55341.49
4932,Person_4932,37.0,person4932@example.com,50660.46
1843,Person_1843,55.0,person1843@example.com,59926.6
450,Person_450,39.0,person450@example.com,35424.69
4178,Person_4178,44.0,person4178@example.com,52731.83
4958,Person_4958,25.0,person4958@example.com,62954.09
1821,Person_1821,55.0,person1821@example.com,38345.58
959,Person_959,45.0,person959@example.com,69312.82
1794,Person_1794,25.0,person1794@example.com,40669.73
2035,Person_2035,45.0,person2035@example.com,61226.45
2136,Person_2136,55.0,person2136@example.com,55908.34
655,Person_655,23.0,person655@example.com,41160.01
2506,Person_2506,35.0,person2506@example.com,42057.85
4023,Person_4023,43.0,person4023@example.com,42461.96
332,Person_332,52.0,person332@example.com,57045.57
1761,Person_1761,64.0,person1761@example.com,65200.95
2452,Person_2452,47.0,person2452@example.com,90018.08
4191,Person_4191,43.0,person4191@example.com,46357.46
4861,Person_4861,26.0,person4861@example.com,50699.16
412,Person_412,61.0,person412@example.com,45930.5
1775,Person_1775,54.0,person1775@example.com,40665.72
3951,Person_3951,43.0,person3951@example.com,39768.51
2276,Person_2276,44.0,person2276@example.com,65644.96
2477,Person_2477,48.0,person2477@example.com,52592.33
3183,Person_3183,26.0,person3183@example.com,27807.37
4402,Person_4402,35.0,person4402@example.com,53207.66
4873,Person_4873,59.0,person4873@example.com,48256.84
3865,Person_3865,36.0,person3865@example.com,53403.96
2112,Person_2112,50.0,person2112@example.com,44506.77
2806,Person_2806,36.0,person2806@example.com,63742.22
2781,Person_2781,42.0,person2781@example.com,56610.0
3713,Person_3713,53.0,person3713@example.com,60897.35
3618,Person_3618,38.0,person3618@example.com,70672.87
3517,Person_3517,48.0,person3517@example.com,53954.98
4382,Person_4382,36.0,person4382@example.com,32366.46
3725,Person_3725,55.0,person3725@example.com,47455.96
431,Person_431,45.0,person431@example.com,66418.6
3266,Person_3266,58.0,person3266@example.com,55009.07
3474,Person_3474,60.0,person3474@example.com,65520.57
1367,Person_1367,29.0,person1367@example.com,36548.98
174,Person_174,47.0,person174@example.com,52752.05
4897,Person_4897,19.0,,60824.32
1177,Person_1177,43.0,person1177@example.com,32874.48
3480,Person_3480,55.0,person3480@example.com,46014.4
1477,Person_1477,48.0,person1477@example.com,44843.68
4441,Person_4441,35.0,person4441@example.com,62075.67
3076,Person_3076,23.0,person3076@example.com,46786.1
103,Person_103,28.0,person103@example.com,65984.68
3365,Person_3365,59.0,person3365@example.com,61917.42
3460,Person_3460,60.0,person3460@example.com,47658.88
1953,Person_1953,45.0,person1953@example.com,57953.0
1264,Person_1264,50.0,person1264@example.com,70487.73
3009,Person_3009,19.0,person3009@example.com,59734.96
3283,Person_3283,61.0,person3283@example.com,60219.29
3493,Person_3493,28.0,person3493@example.com,51414.16
3201,Person_3201,56.0,person3201@example.com,52886.4
2860,Person_2860,35.0,person2860@example.com,63280.88
4859,Person_4859,24.0,person4859@example.com,59356.05
3317,Person_3317,45.0,person3317@example.com,84906.21
3107,Person_3107,18.0,person3107@example.com,57627.57
1644,Person_1644,44.0,person1644@example.com,48270.87
5002,Person_887,64.0,person887@example.com,82643.67
1,Person_1,56.0,person1@example.com,56738.65
1581,Person_1581,,person1581@example.com,49508.4
5010,Person_763,57.0,person763@example.com,49545.43
4202,Person_4202,39.0,person4202@example.com,50704.11
1357,Person_1357,40.0,person1357@example.com,43589.07
3541,Person_3541,44.0,person3541@example.com,61448.94
2578,Person_2578,62.0,person2578@example.com,62194.93
2329,Person_2329,49.0,person2329@example.com,63588.81
2124,Person_2124,26.0,person2124@example.com,42392.52
2313,Person_2313,24.0,person2313@example.com,56863.9
397,Person_397,51.0,person397@example.com,74793.77
3612,Person_3612,44.0,person3612@example.com,48652.64
1065,Person_1065,31.0,person1065@example.com,67021.9
2458,Person_2458,31.0,person2458@example.com,55192.3
2198,Person_2198,40.0,person2198@example.com,50520.78
2243,Person_2243,61.0,person2243@example.com,50371.93
819,Person_819,60.0,person819@example.com,48018.62
1813,Person_1813,47.0,person1813@example.com,59180.1
2659,Person_2659,64.0,person2659@example.com,52717.11
1553,Person_1553,21.0,person1553@example.com,53899.53
3265,Person_3265,,person3265@example.com,66708.56
817,Person_817,19.0,person817@example.com,43412.02
1573,Person_1573,27.0,person1573@example.com,54182.52
3101,Person_3101,49.0,person3101@example.com,27349.46
1801,Person_1801,44.0,person1801@example.com,63285.67
4378,Person_4378,23.0,person4378@example.com,47177.34
382,Person_382,41.0,person382@example.com,69627.65
3002,Person_3002,51.0,person3002@example.com,58585.57
4872,Person_4872,53.0,person4872@example.com,54630.56
3656,Person_3656,26.0,person3656@example.com,68497.32
4700,Person_4700,63.0,person4700@example.com,74987.24
4415,Person_4415,45.0,person4415@example.com,49770.52
2844,Person_2844,36.0,person2844@example.com,70936.68
2536,Person_2536,33.0,person2536@example.com,44890.81
3366,Person_3366,60.0,person3366@example.com,36897.33
3881,Person_3881,58.0,person3881@example.com,72173.83
3310,Person_3310,38.0,person3310@example.com,44664.29
555,Person_555,42.0,person555@example.com,52142.67
1160,Person_1160,40.0,person1160@example.com,46258.46
1214,Person_1214,18.0,person1214@example.com,54287.02
2296,Person_2296,,person2296@example.com,49559.03
4231,Person_4231,25.0,person4231@example.com,72358.76
2465,Person_2465,19.0,person2465@example.com,58718.74
701,Person_701,34.0,person701@example.com,63184.83
4601,Person_4601,42.0,person4601@example.com,67259.62
3208,Person_3208,23.0,person3208@example.com,59872.67
4940,Person_4940,23.0,person4940@example.com,48369.17
1456,Person_1456,62.0,person1456@example.com,60757.92
4911,Person_4911,62.0,person4911@example.com,56953.56
2173,Person_2173,63.0,person2173@example.com,46823.44
2105,Person_2105,57.0,person2105@example.com,64077.86
867,Person_867,43.0,person867@example.com,58849.43
1645,Person_1645,30.0,person1645@example.com,30565.35
4432,Person_4432,32.0,person4432@example.com,47665.87
4998,Person_4998,38.0,person4998@example.com,66934.7
1491,Person_1491,51.0,person1491@example.com,68167.6
2267,Person_2267,26.0,person2267@example.com,42898.62
730,Person_730,39.0,person730@example.com,65668.45
4307,Person_4307,28.0,person4307@example.com,65473.8
2573,Person_2573,43.0,person2573@example.com,45689.5
1937,Person_1937,20.0,person1937@example.com,52292.12
1111,Person_1111,62.0,person1111@example.com,50406.19
4152,Person_4152,44.0,person4152@example.com,51487.77
4565,Person_4565,64.0,person4565@example.com,34387.93
1186,Person_1186,35.0,person1186@example.com,61990.86
2008,Person_2008,18.0,person2008@example.com,59283.67
194,Person_194,41.0,person194@example.com,58447.95
1516,Person_1516,47.0,person1516@example.com,65137.29
579,Person_579,52.0,person579@example.com,36262.08
1430,Person_1430,36.0,person1430@example.com,50341.08
4953,Person_4953,57.0,person4953@example.com,64117.45
5087,Person_2879,43.0,person2879@example.com,69010.12
1847,Person_1847,39.0,person1847@example.com,65473.89
132,Person_132,64.0,person132@example.com,74511.51
179,Person_179,50.0,person179@example.com,22029.94
4560,Person_4560,37.0,person4560@example.com,47120.51
2810,Person_2810,21.0,person2810@example.com,36772.36
3790,Person_3790,30.0,person3790@example.com,59577.11
2471,Person_2471,27.0,person2471@example.com,39380.94
4369,Person_4369,36.0,person4369@example.com,63782.78
2074,Person_2074,60.0,person2074@example.com,16879.55
659,Person_659,62.0,person659@example.com,46491.75
1897,Person_1897,25.0,person1897@example.com,74620.8
3465,Person_3465,54.0,person3465@example.com,44392.01
3823,Person_3823,60.0,,55235.2
343,Person_343,41.0,person343@example.com,60105.88
2652,Person_2652,22.0,person2652@example.com,44140.63
728,Person_728,43.0,person728@example.com,53825.02
3950,Person_3950,53.0,person3950@example.com,76801.07
977,Person_977,36.0,person977@example.com,57144.34
2125,Person_2125,50.0,person2125@example.com,65425.27
3528,Person_3528,21.0,person3528@example.com,25146.14
1929,Person_1929,35.0,person1929@example.com,46849.23
4487,Person_4487,52.0,person4487@example.com,54017.27
3383,Person_3383,30.0,person3383@example.com,58171.06
1300,Person_1300,59.0,person1300@example.com,62110.81
3126,Person_3126,43.0,person3126@example.com,53564.56
4694,Person_4694,46.0,person4694@example.com,71386.32
661,Person_661,38.0,person661@example.com,48689.44
1791,Person_1791,61.0,person1791@example.com,45337.94
2493,Person_2493,21.0,person2493@example.com,44842.79
2906,Person_2906,21.0,person2906@example.com,76198.14
3110,Person_3110,47.0,person3110@example.com,63209.96
2281,Person_2281,53.0,person2281@example.com,52347.49
3190,Person_3190,42.0,person3190@example.com,67080.76
2843,Person_2843,48.0,person2843@example.com,49096.52
3754,Person_3754,20.0,person3754@example.com,56490.11
3337,Person_3337,35.0,person3337@example.com,81424.17
1279,Person_1279,6.0,person1279@example.com,57914.58
3210,Person_3210,40.0,person3210@example.com,44277.82
1622,Person_1622,41.0,,65806.4
3151,Person_3151,38.0,person3151@example.com,28317.11
2955,Person_2955,23.0,person2955@example.com,54342.66
68,Person_68,35.0,person68@example.com,36416.58
2690,Person_2690,51.0,person2690@example.com,64637.86
2214,Person_2214,21.0,person2214@example.com,70512.94
3958,Person_3958,34.0,person3958@example.com,22509.47
821,Person_821,28.0,person821@example.com,52624.75
1227,Person_1227,57.0,person1227@example.com,65650.05
3127,Person_3127,22.0,person3127@example.com,41761.79
4276,Person_4276,21.0,person4276@example.com,70713.33
3983,Person_3983,53.0,person3983@example.com,33934.75
5043,Person_1247,63.0,person1247@example.com,81209.16
4551,Person_4551,26.0,person4551@example.com,54002.93
4360,Person_4360,52.0,person4360@example.com,43730.13
3498,Person_3498,56.0,person3498@example.com,77409.54
1144,Person_1144,61.0,person1144@example.com,37802.18
398,Person_398,19.0,person398@example.com,67847.33
3036,Person_3036,31.0,person3036@example.com,43089.06
4392,Person_4392,40.0,person4392@example.com,54235.06
2880,Person_2880,33.0,person2880@example.com,46312.42
1399,Person_1399,37.0,person1399@example.com,54248.33
1660,Person_1660,59.0,person1660@example.com,80175.27
980,Person_980,37.0,person980@example.com,44793.58
1299,Person_1299,28.0,person1299@example.com,38597.7
3144,Person_3144,51.0,,48215.28
83,Person_83,62.0,person83@example.com,49526.55
3406,Person_3406,47.0,person3406@example.com,39816.9
2560,Person_2560,19.0,person2560@example.com,45176.74
3903,Person_3903,51.0,person3903@example.com,45553.91
3948,Person_3948,60.0,person3948@example.com,59053.19
2385,Person_2385,34.0,person2385@example.com,33150.88
424,Person_424,,person424@example.com,50062.08
4430,Person_4430,37.0,person4430@example.com,61193.73
1905,Person_1905,21.0,person1905@example.com,55814.06
4632,Person_4632,20.0,person4632@example.com,34146.34
3787,Person_3787,39.0,person3787@example.com,66495.93
3244,Person_3244,64.0,person3244@example.com,37062.93
1566,Person_1566,24.0,person1566@example.com,48715.22
3504,Person_3504,54.0,person3504@example.com,47083.02
840,Person_840,38.0,person840@example.com,58757.59
501,Person_501,50.0,person501@example.com,45728.09
142,Person_142,32.0,person142@example.com,44952.85
1378,Person_1378,60.0,person1378@example.com,32060.31
3860,Person_3860,42.0,person3860@example.com,63486.78
2233,Person_2233,35.0,person2233@example.com,66792.2
1139,Person_1139,50.0,person1139@example.com,74305.37
2651,Person_2651,60.0,person2651@example.com,35415.82
1788,Person_1788,29.0,person1788@example.com,49496.34
4662,Person_4662,42.0,person4662@example.com,49367.84
551,Person_551,,person551@example.com,44427.18
3241,Person_3241,31.0,person3241@example.com,47786.48
2020,Person_2020,33.0,person2020@example.com,16954.89
949,Person_949,20.0,person949@example.com,56792.36
2695,Person_2695,57.0,person2695@example.com,40746.82
533,Person_533,46.0,person533@example.com,57216.53
1830,Person_1830,38.0,person1830@example.com,47348.95
3047,Person_3047,50.0,person3047@example.com,71691.67
4510,Person_4510,42.0,person4510@example.com,61765.45
4437,Person_4437,46.0,person4437@example.com,55411.26
1603,Person_1603,51.0,person1603@example.com,52636.94
640,Person_640,62.0,person640@example.com,74541.62
4931,Person_4931,,person4931@example.com,41828.67
968,Person_968,151.0,person968@example.com,64841.9
4326,Person_4326,32.0,person4326@example.com,48617.47
4312,Person_4312,21.0,person4312@example.com,44752.81
1684,Person_1684,56.0,person1684@example.com,62023.59
4564,Person_4564,40.0,person4564@example.com,44988.74
2440,Person_2440,54.0,person2440@example.com,56481.76
156,Person_156,32.0,person156@example.com,60806.52
2590,Person_2590,52.0,person2590@example.com,52970.53
2963,Person_2963,24.0,person2963@example.com,34236.85
1090,Person_1090,39.0,person1090@example.com,51092.67
2768,Person_2768,25.0,person2768@example.com,48997.63
4329,Person_4329,23.0,person4329@example.com,74264.27
289,Person_289,52.0,person289@example.com,43576.98
931,Person_931,23.0,person931@example.com,50930.53
2641,Person_2641,38.0,person2641@example.com,51702.37
2358,Person_2358,20.0,person2358@example.com,38907.22
3521,Person_3521,22.0,person3521@example.com,37887.78
2466,Person_2466,52.0,person2466@example.com,39716.97
3438,Person_3438,27.0,person3438@example.com,63199.89
943,Person_943,47.0,person943@example.com,64394.48
4959,Person_4959,28.0,person4959@example.com,65718.26
4759,Person_4759,41.0,person4759@example.com,80335.56
1699,Person_1699,36.0,person1699@example.com,53497.91
4806,Person_4806,49.0,person4806@example.com,83858.05
3090,Person_3090,18.0,,53725.67
3083,Person_3083,20.0,not-a-valid-email,34033.34
2993,Person_2993,60.0,person2993@example.com,53740.39
3207,Person_3207,50.0,person3207@example.com,70091.43
986,Person_986,55.0,person986@example.com,65073.62
2893,Person_2893,52.0,person2893@example.com,56360.73
2518,Person_2518,51.0,person2518@example.com,43854.5
2319,Person_2319,58.0,,82325.04
5004,Person_2032,29.0,person2032@example.com,55408.1
982,Person_982,64.0,person982@example.com,58177.3
2595,Person_2595,59.0,person2595@example.com,52495.98
2529,Person_2529,52.0,person2529@example.com,58693.99
3306,Person_3306,43.0,person3306@example.com,60358.44
3130,Person_3130,46.0,person3130@example.com,49959.67
3680,Person_3680,59.0,person3680@example.com,70215.53
4014,Person_4014,49.0,person4014@example.com,65318.0
1458,Person_1458,64.0,person1458@example.com,32963.68
1396,Person_1396,50.0,,45653.96
265,Person_265,19.0,person265@example.com,32052.94
2779,Person_2779,51.0,person2779@example.com,26388.32
930,Person_930,54.0,person930@example.com,58201.82
3200,Person_3200,34.0,person3200@example.com,50344.42
2179,Person_2179,20.0,person2179@example.com,62589.45
4120,Person_4120,59.0,person4120@example.com,47830.25
247,Person_247,58.0,person247@example.com,60600.05
3748,Person_3748,43.0,person3748@example.com,47570.52
1759,Person_1759,49.0,person1759@example.com,48039.8
4964,Person_4964,29.0,person4964@example.com,54504.88
3960,Person_3960,45.0,person3960@example.com,43911.25
924,Person_924,25.0,person924@example.com,47406.94
2715,Person_2715,58.0,person2715@example.com,55406.83
269,Person_269,54.0,person269@example.com,65936.35
670,Person_670,35.0,person670@example.com,42711.66
2856,Person_2856,62.0,person2856@example.com,54684.87
1911,Person_1911,59.0,person1911@example.com,68752.33
3120,Person_3120,20.0,person3120@example.com,34906.37
1153,Person_1153,26.0,person1153@example.com,46312.12
4916,Person_4916,30.0,person4916@example.com,48944.4
3606,Person_3606,45.0,person3606@example.com,69545.55
4330,Person_4330,18.0,person4330@example.com,69687.24
4049,Person_4049,63.0,person4049@example.com,31701.19
2303,Person_2303,24.0,person2303@example.com,46189.2
3117,Person_3117,44.0,person3117@example.com,41622.13
1916,Person_1916,40.0,person1916@example.com,75714.72
613,Person_613,19.0,person613@example.com,68462.29
4706,Person_4706,38.0,person4706@example.com,56169.21
3683,Person_3683,29.0,person3683@example.com,65110.17
1899,Person_1899,37.0,person1899@example.com,41894.3
1650,Person_1650,36.0,person1650@example.com,63590.47
2553,Person_2553,45.0,person2553@example.com,35475.94
259,Person_259,47.0,person259@example.com,69677.0
848,Person_848,18.0,person848@example.com,85138.68
4341,Person_4341,23.0,person4341@example.com,55146.04
1234,Person_1234,,person1234@example.com,45729.18
1128,Person_1128,40.0,person1128@example.com,37924.3
1968,Person_1968,59.0,person1968@example.com,42338.71
559,Person_559,34.0,person559@example.com,62985.0
4079,Person_4079,61.0,person4079@example.com,63213.41
485,Person_485,18.0,person485@example.com,50083.76
2212,Person_2212,28.0,person2212@example.com,50492.4
1321,Person_1321,40.0,person1321@example.com,45626.12
2451,Person_2451,59.0,person2451@example.com,56648.23
8,Person_8,36.0,person8@example.com,38208.33
3426,Person_3426,50.0,person3426@example.com,48431.11
3335,Person_3335,39.0,person3335@example.com,66449.02
1451,Person_1451,42.0,person1451@example.com,61318.44
1202,Person_1202,43.0,,38118.22
1815,Person_1815,24.0,person1815@example.com,49147.54
774,Person_774,18.0,person774@example.com,71636.19
2275,Person_2275,43.0,person2275@example.com,40624.4
1012,Person_1012,41.0,person1012@example.com,82695.0
3827,Person_3827,51.0,person3827@example.com,73485.29
4198,Person_4198,58.0,person4198@example.com,49405.74
1992,Person_1992,58.0,person1992@example.com,70270.84
1278,Person_1278,54.0,person1278@example.com,41518.07
1784,Person_1784,51.0,person1784@example.com,55015.91
3248,Person_3248,57.0,person3248@example.com,64715.13
447,Person_447,33.0,person447@example.com,20116.14
881,Person_881,19.0,person881@example.com,46651.66
4553,Person_4553,43.0,person4553@example.com,47987.19
782,Person_782,32.0,person782@example.com,62979.13
1750,Person_1750,34.0,person1750@example.com,58464.74
3538,Person_3538,44.0,not-a-valid-email,66147.18
4359,Person_4359,60.0,person4359@example.com,57834.68
4981,Person_4981,28.0,person4981@example.com,49001.53
4412,Person_4412,23.0,person4412@example.com,50618.17
884,Person_884,31.0,person884@example.com,50245.24
2918,Person_2918,37.0,person2918@example.com,60719.81
1092,Person_1092,27.0,person1092@example.com,57545.12
4245,Person_4245,64.0,person4245@example.com,39010.62
532,Person_532,28.0,person532@example.com,39940.93
4750,Person_4750,51.0,person4750@example.com,42399.34
3472,Person_3472,45.0,person3472@example.com,40478.07
4183,Person_4183,62.0,person4183@example.com,47400.73
2291,Person_2291,64.0,person2291@example.com,63536.93
1728,Person_1728,64.0,person1728@example.com,48261.31
611,Person_611,26.0,person611@example.com,54353.14
571,Person_571,24.0,person571@example.com,69042.38
2852,Person_2852,55.0,person2852@example.com,67586.37
3166,Person_3166,61.0,person3166@example.com,57499.87
344,Person_344,46.0,person344@example.com,69366.96
4503,Person_4503,53.0,person4503@example.com,39755.66
4675,Person_4675,38.0,person4675@example.com,66179.99
435,Person_435,40.0,person435@example.com,65161.25
1904,Person_1904,33.0,person1904@example.com,44933.29
3972,Person_3972,49.0,person3972@example.com,44232.96
3746,Person_3746,19.0,person3746@example.com,66642.1
2070,Person_2070,46.0,person2070@example.com,64391.56
1538,Person_1538,47.0,person1538@example.com,63384.27
2348,Person_2348,22.0,person2348@example.com,51744.22
4214,Person_4214,,person4214@example.com,54621.78
1518,Person_1518,30.0,person1518@example.com,69142.15
966,Person_966,19.0,person966@example.com,65467.78
4846,Person_4846,53.0,person4846@example.com,78007.11
529,Person_529,24.0,person529@example.com,39634.53
177,Person_177,42.0,person177@example.com,47717.62
3635,Person_3635,23.0,person3635@example.com,43889.32
2649,Person_2649,24.0,person2649@example.com,48524.91
4388,Person_4388,37.0,person4388@example.com,69295.13
573,Person_573,31.0,person573@example.com,55955.17
2396,Person_2396,57.0,person2396@example.com,61020.22
3661,Person_3661,50.0,person3661@example.com,52043.98
4243,Person_4243,18.0,person4243@example.com,50586.59
4614,Person_4614,60.0,person4614@example.com,33288.79
3358,Person_3358,25.0,person3358@example.com,83655.61
3018,Person_3018,57.0,person3018@example.com,47753.94
2209,Person_2209,32.0,person2209@example.com,39736.97
2672,Person_2672,21.0,person2672@example.com,28006.81
3296,Person_3296,40.0,person3296@example.com,47428.83
384,Person_384,24.0,person384@example.com,56723.06
853,Person_853,63.0,person853@example.com,53642.46
1881,Person_1881,51.0,person1881@example.com,67258.18
371,Person_371,34.0,person371@example.com,64301.87
2911,Person_2911,,person2911@example.com,52979.38
4954,Person_4954,30.0,person4954@example.com,44925.67
1106,Person_1106,22.0,person1106@example.com,60042.3
4066,Person_4066,39.0,person4066@example.com,55402.3
4673,Person_4673,33.0,person4673@example.com,61869.34
1337,Person_1337,43.0,person1337@example.com,35609.36
2190,Person_2190,22.0,person2190@example.com,54881.86
4688,Person_4688,40.0,person4688@example.com,50858.75
2417,Person_2417,53.0,person2417@example.com,51908.55
4930,Person_4930,37.0,person4930@example.com,49986.6
4711,Person_4711,35.0,person4711@example.com,64384.33
4947,Person_4947,23.0,person4947@example.com,54239.32
1172,Person_1172,38.0,person1172@example.com,57916.06
2703,Person_2703,47.0,person2703@example.com,52536.59
3044,Person_3044,20.0,person3044@example.com,43283.2
1423,Person_1423,54.0,person1423@example.com,46177.59
2439,Person_2439,39.0,person2439@example.com,65895.55
2764,Person_2764,64.0,person2764@example.com,56497.03
4242,Person_4242,54.0,person4242@example.com,65777.41
1465,Person_1465,,person1465@example.com,36486.36
875,Person_875,31.0,person875@example.com,80497.26
2298,Person_2298,39.0,person2298@example.com,51038.92
2601,Person_2601,26.0,person2601@example.com,53451.59
4431,Person_4431,24.0,person4431@example.com,47169.66
1252,Person_1252,49.0,person1252@example.com,52125.98
2446,Person_2446,35.0,person2446@example.com,44773.3
841,Person_841,22.0,person841@example.com,63244.79
3209,Person_3209,44.0,person3209@example.com,52180.91
582,Person_582,38.0,person582@example.com,52460.0
205,Person_205,34.0,person205@example.com,48575.98
1642,Person_1642,51.0,person1642@example.com,36013.88
2015,Person_2015,48.0,person2015@example.com,3500000.0
906,Person_906,61.0,person906@example.com,56336.47
632,Person_632,61.0,person632@example.com,53212.37
3247,Person_3247,53.0,not-a-valid-email,46401.12
1975,Person_1975,32.0,person1975@example.com,52224.39
163,Person_163,39.0,person163@example.com,61417.81
3318,Person_3318,21.0,person3318@example.com,51698.54
3078,Person_3078,19.0,person3078@example.com,80178.66
4589,Person_4589,27.0,person4589@example.com,56466.92
618,Person_618,36.0,person618@example.com,58095.71
876,Person_876,43.0,person876@example.com,70976.07
1432,Person_1432,61.0,person1432@example.com,59055.49
548,Person_548,41.0,person548@example.com,67697.42
3483,Person_3483,51.0,person3483@example.com,54723.39
4640,Person_4640,22.0,person4640@example.com,42785.06
4311,Person_4311,34.0,person4311@example.com,54578.84
2485,Person_2485,58.0,person2485@example.com,47375.08
4047,Person_4047,48.0,person4047@example.com,51825.45
4946,Person_4946,63.0,person4946@example.com,50386.13
4166,Person_4166,18.0,person4166@example.com,62999.53
1862,Person_1862,49.0,person1862@example.com,40249.8
641,Person_641,30.0,person641@example.com,51587.38
3122,Person_3122,21.0,person3122@example.com,55412.5
638,Person_638,56.0,person638@example.com,69760.01
3670,Person_3670,63.0,person3670@example.com,68181.82
3610,Person_3610,53.0,person3610@example.com,63596.08
4084,Person_4084,34.0,person4084@example.com,63249.12
4162,Person_4162,53.0,person4162@example.com,45328.1
2097,Person_2097,60.0,person2097@example.com,38254.62
2582,Person_2582,52.0,person2582@example.com,71360.52
3215,Person_3215,31.0,person3215@example.com,70027.4
3837,Person_3837,,person3837@example.com,33988.29
4288,Person_4288,42.0,person4288@example.com,67883.46
922,Person_922,51.0,person922@example.com,64168.36
547,Person_547,49.0,person547@example.com,62663.92
3829,Person_3829,21.0,person3829@example.com,46771.9
1901,Person_1901,24.0,person1901@example.com,50858.02
2029,Person_2029,37.0,person2029@example.com,58491.37
2302,Person_2302,45.0,person2302@example.com,60853.3
1886,Person_1886,20.0,person1886@example.com,57354.89
1643,Person_1643,57.0,person1643@example.com,43715.21
3662,Person_3662,49.0,person3662@example.com,27382.34
4908,Person_4908,47.0,person4908@example.com,50301.16
2098,Person_2098,27.0,person2098@example.com,46505.07
4448,Person_4448,34.0,person4448@example.com,62925.52
3718,Person_3718,26.0,person3718@example.com,56651.94
4588,Person_4588,20.0,person4588@example.com,43260.94
5067,Person_4128,60.0,person4128@example.com,56309.0
837,Person_837,46.0,person837@example.com,65553.0
602,Person_602,27.0,person602@example.com,59339.93
2185,Person_2185,45.0,person2185@example.com,45135.09
4037,Person_4037,64.0,person4037@example.com,36184.14
2584,Person_2584,38.0,person2584@example.com,65925.02
4398,Person_4398,31.0,person4398@example.com,51426.45
1583,Person_1583,,person1583@example.com,73109.57
4357,Person_4357,35.0,person4357@example.com,46464.36
2639,Person_2639,22.0,person2639@example.com,51046.13
2842,Person_2842,36.0,person2842@example.com,60627.74
1071,Person_1071,20.0,person1071@example.com,33026.26
1776,Person_1776,37.0,person1776@example.com,58429.64
4907,Person_4907,20.0,person4907@example.com,45308.19
1284,Person_1284,27.0,person1284@example.com,45704.62
3297,Person_3297,64.0,person3297@example.com,43695.28
4852,Person_4852,49.0,person4852@example.com,54814.34
1837,Person_1837,55.0,person1837@example.com,33146.97
4605,Person_4605,54.0,person4605@example.com,49596.96
1020,Person_1020,28.0,person1020@example.com,61992.85
3352,Person_3352,52.0,person3352@example.com,67307.59
1327,Person_1327,57.0,person1327@example.com,41186.16
476,Person_476,40.0,person476@example.com,61265.71
3840,Person_3840,,person3840@example.com,50568.17
1652,Person_1652,57.0,not-a-valid-email,51111.18
4743,Person_4743,20.0,person4743@example.com,69846.17
4376,Person_4376,44.0,person4376@example.com,69921.63
2722,Person_2722,63.0,person2722@example.com,54758.81
3327,Person_3327,51.0,person3327@example.com,61030.0
2693,Person_2693,32.0,person2693@example.com,32286.85
1374,Person_1374,38.0,person1374@example.com,51332.57
740,Person_740,45.0,person740@example.com,41307.9
3991,Person_3991,42.0,person3991@example.com,66964.71
3815,Person_3815,58.0,person3815@example.com,50822.11
868,Person_868,53.0,person868@example.com,57328.62
1141,Person_1141,57.0,person1141@example.com,68090.34
998,Person_998,27.0,person998@example.com,44956.95
1338,Person_1338,46.0,person1338@example.com,58595.77
542,Person_542,52.0,person542@example.com,46202.13
1100,Person_1100,53.0,person1100@example.com,61163.37
1133,Person_1133,29.0,person1133@example.com,43383.45
4951,Person_4951,46.0,person4951@example.com,73239.42
3350,Person_3350,57.0,,73003.3
2259,Person_2259,64.0,not-a-valid-email,47131.75
4128,Person_4128,60.0,person4128@example.com,56309.0
60,Person_60,53.0,person60@example.com,64844.13
3012,Person_3012,33.0,person3012@example.com,51858.9
1939,Person_1939,27.0,person1939@example.com,62647.9
2686,Person_2686,48.0,person2686@example.com,56940.38
5036,Person_3696,24.0,person3696@example.com,45231.87
1079,Person_1079,47.0,person1079@example.com,60572.44
3048,Person_3048,59.0,person3048@example.com,38728.36
3272,Person_3272,47.0,person3272@example.com,62477.05
4347,Person_4347,62.0,person4347@example.com,67600.59
941,Person_941,23.0,person941@example.com,58103.93
1081,Person_1081,44.0,person1081@example.com,58796.3
188,Person_188,44.0,person188@example.com,57584.76
2747,Person_2747,,person2747@example.com,75455.11
2086,Person_2086,25.0,person2086@example.com,50201.46
2250,Person_2250,59.0,person2250@example.com,38328.42
2719,Person_2719,30.0,person2719@example.com,52868.85
4990,Person_4990,,person4990@example.com,72467.21
2024,Person_2024,29.0,person2024@example.com,55232.13
2847,Person_2847,39.0,person2847@example.com,52928.45
1493,Person_1493,54.0,person1493@example.com,18908.41
3765,Person_3765,47.0,person3765@example.com,55450.9
227,Person_227,51.0,person227@example.com,44329.11
3451,Person_3451,20.0,person3451@example.com,53097.55
1930,Person_1930,23.0,person1930@example.com,20028.93
3195,Person_3195,52.0,person3195@example.com,54157.36
4583,Person_4583,55.0,person4583@example.com,65361.25
1405,Person_1405,60.0,person1405@example.com,68752.36
2180,Person_2180,38.0,person2180@example.com,49309.86
698,Person_698,58.0,person698@example.com,53813.86
1125,Person_1125,55.0,person1125@example.com,52569.71
3567,Person_3567,58.0,person3567@example.com,53896.38
3049,Person_3049,52.0,person3049@example.com,52650.58
1779,Person_1779,22.0,person1779@example.com,54592.9
3846,Person_3846,,person3846@example.com,68882.01
1038,Person_1038,54.0,person1038@example.com,57016.72
4703,Person_4703,62.0,person4703@example.com,32499.91
2257,Person_2257,62.0,person2257@example.com,53519.87
314,Person_314,63.0,person314@example.com,61620.89
2282,Person_2282,56.0,person2282@example.com,55832.44
1417,Person_1417,57.0,person1417@example.com,66493.5
1037,Person_1037,38.0,person1037@example.com,58860.14
2160,Person_2160,38.0,person2160@example.com,34783.99
4720,Person_4720,31.0,person4720@example.com,61477.17
1755,Person_1755,32.0,person1755@example.com,69263.16
3257,Person_3257,58.0,person3257@example.com,55418.66
4480,Person_4480,37.0,person4480@example.com,63242.29
2813,Person_2813,41.0,person2813@example.com,40125.25
3354,Person_3354,37.0,person3354@example.com,62177.19
3494,Person_3494,49.0,person3494@example.com,50701.07
3581,Person_3581,38.0,person3581@example.com,42517.62
1507,Person_1507,50.0,person1507@example.com,64574.13
1924,Person_1924,62.0,person1924@example.com,60103.86
449,Person_449,22.0,person449@example.com,42537.47
3169,Person_3169,32.0,person3169@example.com,70252.78
2981,Person_2981,29.0,person2981@example.com,70061.75
5069,Person_2168,55.0,person2168@example.com,57794.42
4671,Person_4671,59.0,person4671@example.com,60571.01
362,Person_362,49.0,person362@example.com,55220.82
2184,Person_2184,23.0,person2184@example.com,62631.61
1135,Person_1135,30.0,person1135@example.com,47628.12
4052,Person_4052,37.0,person4052@example.com,60904.17
2156,Person_2156,18.0,person2156@example.com,45086.66
1831,Person_1831,35.0,person1831@example.com,57600.2
1054,Person_1054,49.0,person1054@example.com,54732.65
2461,Person_2461,38.0,person2461@example.com,48957.16
23,Person_23,19.0,person23@example.com,46090.19
2067,Person_2067,,person2067@example.com,62747.05
1654,Person_1654,50.0,person1654@example.com,63162.64
2697,Person_2697,26.0,person2697@example.com,61412.38
4293,Person_4293,56.0,,54938.72
3500,Person_3500,45.0,person3500@example.com,73985.4
4153,Person_4153,39.0,person4153@example.com,47582.07
2469,Person_2469,37.0,person2469@example.com,61596.2
2326,Person_2326,43.0,person2326@example.com,70052.06
461,Person_461,22.0,person461@example.com,50320.92
1068,Person_1068,56.0,person1068@example.com,45883.56
88,Person_88,42.0,person88@example.com,43879.62
1431,Person_1431,54.0,person1431@example.com,54328.95
2760,Person_2760,61.0,person2760@example.com,54745.06
283,Person_283,53.0,person283@example.com,41437.56
2484,Person_2484,52.0,person2484@example.com,75774.04
463,Person_463,47.0,person463@example.com,53840.52
213,Person_213,18.0,person213@example.com,56176.81
2679,Person_2679,53.0,person2679@example.com,65107.57
1369,Person_1369,24.0,,49648.68
235,Person_235,33.0,person235@example.com,66958.85
2891,Person_2891,36.0,person2891@example.com,59913.26
598,Person_598,35.0,person598@example.com,42690.97
4512,Person_4512,32.0,person4512@example.com,73662.38
2251,Person_2251,53.0,person2251@example.com,52651.62
4151,Person_4151,25.0,person4151@example.com,56816.89
2284,Person_2284,42.0,person2284@example.com,83705.32
663,Person_663,38.0,person663@example.com,59805.78
5063,Person_1197,41.0,person1197@example.com,75028.83
2286,Person_2286,36.0,person2286@example.com,63198.68
4814,Person_4814,32.0,person4814@example.com,63040.6
3339,Person_3339,29.0,person3339@example.com,56314.86
2606,Person_2606,50.0,person2606@example.com,69804.69
4941,Person_4941,38.0,person4941@example.com,32523.93
780,Person_780,64.0,person780@example.com,48817.38
3839,Person_3839,40.0,person3839@example.com,55989.3
3526,Person_3526,18.0,person3526@example.com,50637.12
3576,Person_3576,49.0,person3576@example.com,57230.05
3434,Person_3434,27.0,person3434@example.com,66469.63
3525,Person_3525,,person3525@example.com,58494.43
4934,Person_4934,50.0,person4934@example.com,33059.13
686,Person_686,55.0,person686@example.com,45366.11
3784,Person_3784,63.0,person3784@example.com,70851.95
2868,Person_2868,21.0,person2868@example.com,50505.59
4540,Person_4540,34.0,person4540@example.com,47451.55
2172,Person_2172,25.0,person2172@example.com,60186.6
4123,Person_4123,49.0,person4123@example.com,52925.85
1851,Person_1851,29.0,person1851@example.com,42932.78
488,Person_488,21.0,person488@example.com,47588.3
1689,Person_1689,44.0,person1689@example.com,65075.97
2231,Person_2231,53.0,person2231@example.com,55037.77
3411,Person_3411,37.0,person3411@example.com,64868.21
2321,Person_2321,56.0,person2321@example.com,42616.4
783,Person_783,54.0,person783@example.com,43905.23
522,Person_522,25.0,person522@example.com,69995.43
523,Person_523,46.0,person523@example.com,64352.19
3681,Person_3681,38.0,person3681@example.com,54707.22
4112,Person_4112,34.0,person4112@example.com,37226.25
2399,Person_2399,57.0,person2399@example.com,59802.83
2208,Person_2208,64.0,person2208@example.com,56895.69
3997,Person_3997,20.0,person3997@example.com,28362.66
3707,Person_3707,30.0,person3707@example.com,33354.99
4420,Person_4420,111.0,person4420@example.com,31790.95
2946,Person_2946,60.0,person2946@example.com,55995.85
1512,Person_1512,19.0,person1512@example.com,49218.81
1883,Person_1883,61.0,person1883@example.com,49484.12
652,Person_652,42.0,person652@example.com,29455.19
2909,Person_2909,52.0,person2909@example.com,48868.13
3231,Person_3231,36.0,person3231@example.com,69724.42
370,Person_370,43.0,person370@example.com,76816.74
2752,Person_2752,54.0,person2752@example.com,51669.84
119,Person_119,50.0,person119@example.com,54371.15
3468,Person_3468,42.0,person3468@example.com,39154.08
3173,Person_3173,37.0,person3173@example.com,45191.1
2217,Person_2217,39.0,person2217@example.com,62048.7
4102,Person_4102,36.0,person4102@example.com,63341.98
1614,Person_1614,59.0,person1614@example.com,50961.37
3853,Person_3853,50.0,person3853@example.com,63223.48
963,Person_963,23.0,person963@example.com,53294.24
2511,Person_2511,60.0,person2511@example.com,58491.58
4155,Person_4155,44.0,person4155@example.com,45090.01
3467,Person_3467,48.0,person3467@example.com,50422.13
3596,Person_3596,52.0,person3596@example.com,37708.22
3170,Person_3170,44.0,person3170@example.com,43239.25
2416,Person_2416,31.0,person2416@example.com,49766.13
4751,Person_4751,30.0,person4751@example.com,44083.72
4454,Person_4454,22.0,person4454@example.com,50163.21
2186,Person_2186,46.0,person2186@example.com,40368.59
2945,Person_2945,,person2945@example.com,52886.65
2568,Person_2568,56.0,person2568@example.com,63387.04
2038,Person_2038,64.0,person2038@example.com,59977.27
4352,Person_4352,32.0,person4352@example.com,54671.39
773,Person_773,29.0,person773@example.com,68843.08
1285,Person_1285,24.0,person1285@example.com,34729.8
4698,Person_4698,30.0,person4698@example.com,52790.96
4835,Person_4835,49.0,person4835@example.com,62318.56
2588,Person_2588,35.0,person2588@example.com,43981.45
4670,Person_4670,59.0,person4670@example.com,78668.13
1415,Person_1415,42.0,person1415@example.com,47708.24
1235,Person_1235,47.0,person1235@example.com,59549.84
2814,Person_2814,,person2814@example.com,36965.55
436,Person_436,26.0,person436@example.com,29473.27
1675,Person_1675,56.0,person1675@example.com,56885.54
366,Person_366,19.0,person366@example.com,75430.18
4853,Person_4853,34.0,person4853@example.com,44584.29
232,Person_232,50.0,person232@example.com,52245.42
4358,Person_4358,36.0,,56405.49
148,Person_148,56.0,person148@example.com,57646.5
4490,Person_4490,47.0,person4490@example.com,58574.51
408,Person_408,60.0,not-a-valid-email,40486.28
2091,Person_2091,64.0,person2091@example.com,60834.22
87,Person_87,43.0,person87@example.com,50044.03
845,Person_845,39.0,person845@example.com,48622.55
1032,Person_1032,58.0,person1032@example.com,53087.65
2744,Person_2744,48.0,person2744@example.com,38116.68
3348,Person_3348,62.0,person3348@example.com,65252.82
4691,Person_4691,47.0,person4691@example.com,5000.0
3376,Person_3376,58.0,person3376@example.com,58842.6
2629,Person_2629,30.0,,45739.11
2771,Person_2771,22.0,person2771@example.com,52800.39
856,Person_856,43.0,person856@example.com,45918.83
79,Person_79,40.0,person79@example.com,49153.56
2248,Person_2248,24.0,person2248@example.com,66634.83
4664,Person_4664,63.0,person4664@example.com,48934.12
4440,Person_4440,41.0,person4440@example.com,60709.02
3758,Person_3758,44.0,person3758@example.com,62189.24
3039,Person_3039,57.0,person3039@example.com,33771.4
2280,Person_2280,36.0,person2280@example.com,74629.57
2708,Person_2708,63.0,person2708@example.com,65514.09
4246,Person_4246,41.0,person4246@example.com,69054.01
4042,Person_4042,18.0,person4042@example.com,61218.63
4073,Person_4073,47.0,person4073@example.com,64889.23
2177,Person_2177,63.0,person2177@example.com,44771.36
425,Person_425,,person425@example.com,53929.19
393,Person_393,29.0,person393@example.com,53445.79
4824,Person_4824,59.0,person4824@example.com,30406.31
3741,Person_3741,34.0,person3741@example.com,45807.46
105,Person_105,25.0,person105@example.com,53598.81
2673,Person_2673,31.0,person2673@example.com,62304.83
3106,Person_3106,33.0,person3106@example.com,72303.31
2681,Person_2681,44.0,person2681@example.com,71212.19
4786,Person_4786,33.0,person4786@example.com,45709.55
2933,Person_2933,31.0,person2933@example.com,50922.89
1949,Person_1949,41.0,person1949@example.com,63441.28
1460,Person_1460,27.0,person1460@example.com,64525.82
3404,Person_3404,63.0,person3404@example.com,46279.1
3959,Person_3959,57.0,person3959@example.com,46360.13
2821,Person_2821,38.0,person2821@example.com,68423.59
5023,Person_3924,27.0,person3924@example.com,60280.72
1588,Person_1588,52.0,person1588@example.com,52498.38
3822,Person_3822,18.0,not-a-valid-email,54503.95
1732,Person_1732,3.0,person1732@example.com,51729.46
4863,Person_4863,23.0,person4863@example.com,69118.4
3876,Person_3876,64.0,person3876@example.com,57940.46
5039,Person_3350,57.0,,73003.3
1792,Person_1792,33.0,person1792@example.com,67922.18
2356,Person_2356,20.0,person2356@example.com,67562.94
1941,Person_1941,46.0,person1941@example.com,38287.17
703,Person_703,50.0,person703@example.com,52330.3
2443,Person_2443,64.0,person2443@example.com,63959.34
2938,Person_2938,59.0,person2938@example.com,71310.27
497,Person_497,41.0,,57667.48
465,Person_465,22.0,person465@example.com,43651.05
2802,Person_2802,28.0,person2802@example.com,24618.77
4424,Person_4424,47.0,person4424@example.com,70718.38
173,Person_173,37.0,person173@example.com,58506.31
3817,Person_3817,22.0,person3817@example.com,50576.57
4895,Person_4895,34.0,person4895@example.com,53453.47
2541,Person_2541,57.0,person2541@example.com,47802.14
3409,Person_3409,,person3409@example.com,52516.18
4651,Person_4651,21.0,person4651@example.com,58673.61
2261,Person_2261,39.0,person2261@example.com,43726.44
2113,Person_2113,18.0,person2113@example.com,62531.28
901,Person_901,56.0,person901@example.com,45641.76
1447,Person_1447,23.0,person1447@example.com,56033.33
3730,Person_3730,31.0,person3730@example.com,51085.2
2698,Person_2698,42.0,person2698@example.com,56093.12
3280,Person_3280,37.0,person3280@example.com,48170.22
742,Person_742,22.0,person742@example.com,45340.4
2294,Person_2294,51.0,person2294@example.com,44823.21
2453,Person_2453,31.0,person2453@example.com,52790.25
2965,Person_2965,59.0,person2965@example.com,84968.98
4626,Person_4626,60.0,person4626@example.com,63693.89
1207,Person_1207,37.0,person1207@example.com,67113.66
510,Person_510,60.0,person510@example.com,76381.59
4241,Person_4241,52.0,person4241@example.com,32937.78
2733,Person_2733,42.0,person2733@example.com,59101.9
2926,Person_2926,59.0,person2926@example.com,65377.89
3461,Person_3461,18.0,person3461@example.com,68631.37
1550,Person_1550,26.0,person1550@example.com,67425.32
3414,Person_3414,19.0,person3414@example.com,50870.82
2203,Person_2203,62.0,person2203@example.com,58214.12
2567,Person_2567,40.0,person2567@example.com,40603.3
3159,Person_3159,64.0,person3159@example.com,48199.54
2045,Person_2045,32.0,person2045@example.com,68247.2
768,Person_768,25.0,person768@example.com,42272.74
4972,Person_4972,44.0,person4972@example.com,11786.98
3902,Person_3902,62.0,person3902@example.com,57253.6
422,Person_422,52.0,person422@example.com,70819.63
124,Person_124,61.0,person124@example.com,50601.92
4249,Person_4249,53.0,person4249@example.com,43022.86
4201,Person_4201,34.0,person4201@example.com,41031.39
820,Person_820,,person820@example.com,40913.44
1404,Person_1404,62.0,person1404@example.com,57782.11
1383,Person_1383,38.0,person1383@example.com,68674.67
2149,Person_2149,28.0,person2149@example.com,69178.81
1576,Person_1576,43.0,person1576@example.com,36857.4
1639,Person_1639,46.0,person1639@example.com,47153.22
1796,Person_1796,42.0,person1796@example.com,38769.9
4914,Person_4914,38.0,person4914@example.com,59727.7
400,Person_400,40.0,person400@example.com,59337.01
2311,Person_2311,19.0,person2311@example.com,29743.01
883,Person_883,43.0,person883@example.com,69875.01
5073,Person_2204,38.0,person2204@example.com,45117.58
3027,Person_3027,21.0,person3027@example.com,67274.1
1353,Person_1353,54.0,person1353@example.com,66543.85
4096,Person_4096,43.0,person4096@example.com,44117.17
4644,Person_4644,24.0,person4644@example.com,72033.47
2131,Person_2131,48.0,person2131@example.com,49378.05
983,Person_983,18.0,person983@example.com,70304.69
457,Person_457,39.0,person457@example.com,49490.92
3684,Person_3684,19.0,person3684@example.com,64059.51
1080,Person_1080,56.0,,48393.38
1951,Person_1951,54.0,person1951@example.com,51216.44
4405,Person_4405,50.0,person4405@example.com,43248.4
690,Person_690,25.0,person690@example.com,38368.14
2430,Person_2430,40.0,person2430@example.com,55602.73
642,Person_642,45.0,person642@example.com,74086.98
2393,Person_2393,62.0,person2393@example.com,45797.63
1954,Person_1954,61.0,person1954@example.com,45372.64
4007,Person_4007,61.0,person4007@example.com,72211.72
2887,Person_2887,62.0,person2887@example.com,45953.65
3586,Person_3586,18.0,person3586@example.com,72601.39
2711,Person_2711,49.0,person2711@example.com,50410.57
3485,Person_3485,20.0,person3485@example.com,67996.0
4865,Person_4865,34.0,person4865@example.com,41971.03
4971,Person_4971,62.0,person4971@example.com,52425.55
1885,Person_1885,28.0,person1885@example.com,47636.95
3615,Person_3615,62.0,person3615@example.com,69800.87
390,Person_390,63.0,person390@example.com,70353.58
2495,Person_2495,32.0,person2495@example.com,51030.7
4761,Person_4761,34.0,person4761@example.com,51123.49
3909,Person_3909,35.0,person3909@example.com,64209.75
846,Person_846,38.0,person846@example.com,36185.69
543,Person_543,52.0,person543@example.com,57747.96
92,Person_92,32.0,,33569.6
4063,Person_4063,22.0,person4063@example.com,74806.88
1980,Person_1980,53.0,person1980@example.com,62984.43
4204,Person_4204,62.0,person4204@example.com,44313.17
4175,Person_4175,52.0,person4175@example.com,57243.88
4444,Person_4444,25.0,person4444@example.com,46147.16
2530,Person_2530,38.0,person2530@example.com,79818.71
1677,Person_1677,35.0,person1677@example.com,46997.82
1049,Person_1049,57.0,person1049@example.com,46693.0
1961,Person_1961,53.0,person1961@example.com,47300.0
2531,Person_2531,26.0,person2531@example.com,38226.33
3933,Person_3933,19.0,person3933@example.com,50234.62
238,Person_238,37.0,person238@example.com,52713.96
5006,Person_1570,46.0,person1570@example.com,53784.63
3915,Person_3915,38.0,,26458.82
1134,Person_1134,43.0,person1134@example.com,51276.31
1806,Person_1806,61.0,person1806@example.com,67693.77
4229,Person_4229,62.0,person4229@example.com,65547.57
164,Person_164,45.0,person164@example.com,69747.77
4407,Person_4407,28.0,person4407@example.com,70768.9
4807,Person_4807,25.0,person4807@example.com,57606.5
3492,Person_3492,57.0,person3492@example.com,49281.35
3604,Person_3604,38.0,person3604@example.com,55345.31
4391,Person_4391,61.0,person4391@example.com,87529.53
3796,Person_3796,31.0,person3796@example.com,40478.07
2002,Person_2002,42.0,person2002@example.com,49190.58
1812,Person_1812,42.0,person1812@example.com,59128.65
3254,Person_3254,31.0,person3254@example.com,79645.82
4776,Person_4776,60.0,person4776@example.com,58546.14
1429,Person_1429,29.0,person1429@example.com,53670.25
3772,Person_3772,48.0,person3772@example.com,44074.16
2923,Person_2923,47.0,person2923@example.com,45269.27
3546,Person_3546,59.0,,50706.06
4554,Person_4554,36.0,person4554@example.com,84428.44
4746,Person_4746,,person4746@example.com,60704.02
2944,Person_2944,62.0,person2944@example.com,66263.68
1453,Person_1453,32.0,person1453@example.com,47202.08
594,Person_594,40.0,person594@example.com,68647.77
2726,Person_2726,40.0,person2726@example.com,47593.45
42,Person_42,56.0,person42@example.com,41187.83
561,Person_561,42.0,person561@example.com,44460.12
3067,Person_3067,25.0,person3067@example.com,63371.04
3180,Person_3180,64.0,person3180@example.com,75067.19
244,Person_244,37.0,person244@example.com,35434.32
1340,Person_1340,51.0,person1340@example.com,50018.8
4072,Person_4072,48.0,person4072@example.com,58888.44
3095,Person_3095,,person3095@example.com,58542.79
3967,Person_3967,51.0,person3967@example.com,59428.2
1443,Person_1443,34.0,person1443@example.com,48822.61
262,Person_262,136.0,person262@example.com,48155.78
3186,Person_3186,25.0,person3186@example.com,63585.92
1690,Person_1690,58.0,person1690@example.com,38709.79
1726,Person_1726,35.0,person1726@example.com,28234.38
1204,Person_1204,,person1204@example.com,46158.76
835,Person_835,20.0,person835@example.com,58970.22
1867,Person_1867,58.0,person1867@example.com,64707.03
2497,Person_2497,62.0,person2497@example.com,56793.47
3962,Person_3962,44.0,person3962@example.com,52420.54
2011,Person_2011,53.0,person2011@example.com,83660.46
2898,Person_2898,54.0,person2898@example.com,66643.79
341,Person_341,58.0,person341@example.com,68908.89
4421,Person_4421,12.0,person4421@example.com,55276.97
1602,Person_1602,54.0,person1602@example.com,63783.47
2797,Person_2797,34.0,person2797@example.com,56984.84
3140,Person_3140,61.0,,48457.77
4791,Person_4791,31.0,person4791@example.com,48806.6
481,Person_481,48.0,person481@example.com,40638.54
2949,Person_2949,60.0,person2949@example.com,44489.89
4261,Person_4261,22.0,person4261@example.com,48058.48
4074,Person_4074,20.0,person4074@example.com,53030.21
3544,Person_3544,32.0,person3544@example.com,67079.28
4532,Person_4532,26.0,person4532@example.com,58330.63
4735,Person_4735,41.0,person4735@example.com,76178.97
3185,Person_3185,18.0,person3185@example.com,52267.36
800,Person_800,41.0,person800@example.com,38530.41
1767,Person_1767,20.0,person1767@example.com,70539.83
4567,Person_4567,64.0,person4567@example.com,65859.54
2454,Person_2454,23.0,person2454@example.com,41437.86
3918,Person_3918,18.0,person3918@example.com,54530.05
4109,Person_4109,61.0,person4109@example.com,37912.5
4138,Person_4138,54.0,person4138@example.com,44789.39
4774,Person_4774,32.0,person4774@example.com,50760.83
3842,Person_3842,50.0,person3842@example.com,45185.3
1272,Person_1272,31.0,person1272@example.com,72367.67
3553,Person_3553,23.0,person3553@example.com,42958.73
4595,Person_4595,63.0,person4595@example.com,47067.7
3236,Person_3236,26.0,person3236@example.com,64256.82
4279,Person_4279,55.0,person4279@example.com,39950.07
348,Person_348,50.0,person348@example.com,45594.96
4053,Person_4053,58.0,person4053@example.com,79770.64
4719,Person_4719,59.0,person4719@example.com,33470.28
2563,Person_2563,55.0,person2563@example.com,38969.65
4684,Person_4684,59.0,person4684@example.com,64998.15
1424,Person_1424,182.0,person1424@example.com,74874.5
657,Person_657,62.0,person657@example.com,33473.29
2103,Person_2103,25.0,person2103@example.com,72127.66
633,Person_633,56.0,person633@example.com,61033.41
3081,Person_3081,20.0,person3081@example.com,53716.34
2494,Person_2494,42.0,person2494@example.com,66108.07
2666,Person_2666,42.0,person2666@example.com,41492.95
3362,Person_3362,43.0,person3362@example.com,68166.64
3825,Person_3825,26.0,person3825@example.com,61947.14
4926,Person_4926,49.0,person4926@example.com,44759.21
3397,Person_3397,43.0,person3397@example.com,41398.95
3753,Person_3753,56.0,person3753@example.com,46620.86
2501,Person_2501,45.0,person2501@example.com,68918.08
1466,Person_1466,38.0,person1466@example.com,53072.43
2958,Person_2958,49.0,person2958@example.com,37257.44
116,Person_116,25.0,person116@example.com,65141.9
1822,Person_1822,39.0,person1822@example.com,64166.32
1495,Person_1495,57.0,person1495@example.com,57923.89
2402,Person_2402,47.0,person2402@example.com,55552.95
1233,Person_1233,19.0,person1233@example.com,50806.73
2662,Person_2662,34.0,person2662@example.com,51356.49
2818,Person_2818,38.0,person2818@example.com,47625.53
4937,Person_4937,18.0,person4937@example.com,49688.93
4667,Person_4667,22.0,person4667@example.com,50278.75
1154,Person_1154,46.0,not-a-valid-email,52655.32
4018,Person_4018,49.0,person4018@example.com,25086.27
58,Person_58,31.0,person58@example.com,47421.07
3545,Person_3545,47.0,,48163.61
4379,Person_4379,57.0,person4379@example.com,51292.48
5045,Person_2967,61.0,person2967@example.com,47306.63
1736,Person_1736,28.0,person1736@example.com,57677.84
2824,Person_2824,63.0,person2824@example.com,53679.93
2197,Person_2197,60.0,person2197@example.com,42671.16
3708,Person_3708,57.0,person3708@example.com,58977.65
2476,Person_2476,53.0,person2476@example.com,49644.15
2565,Person_2565,38.0,person2565@example.com,70489.1
3304,Person_3304,,person3304@example.com,44954.92
5098,Person_1352,34.0,person1352@example.com,60383.63
2609,Person_2609,38.0,person2609@example.com,47119.73
3818,Person_3818,61.0,person3818@example.com,64684.56
708,Person_708,30.0,person708@example.com,45015.26
4371,Person_4371,50.0,person4371@example.com,64608.42
1094,Person_1094,27.0,person1094@example.com,42809.45
3717,Person_3717,40.0,person3717@example.com,70631.08
1377,Person_1377,19.0,person1377@example.com,75144.1
5013,Person_2788,19.0,person2788@example.com,79991.92
73,Person_73,53.0,person73@example.com,54258.83
1923,Person_1923,53.0,person1923@example.com,68152.84
3319,Person_3319,39.0,person3319@example.com,51186.87
1765,Person_1765,28.0,person1765@example.com,58878.23
744,Person_744,22.0,person744@example.com,50036.61
4060,Person_4060,49.0,person4060@example.com,59963.4
1006,Person_1006,54.0,person1006@example.com,39210.21
2669,Person_2669,32.0,person2669@example.com,60179.58
1191,Person_1191,60.0,person1191@example.com,71721.45
4130,Person_4130,34.0,person4130@example.com,40880.26
2602,Person_2602,58.0,,44780.05
1126,Person_1126,23.0,person1126@example.com,48660.44
1242,Person_1242,20.0,person1242@example.com,60138.23
2975,Person_2975,43.0,person2975@example.com,43585.79
4216,Person_4216,24.0,person4216@example.com,47429.84
3593,Person_3593,28.0,person3593@example.com,50838.74
999,Person_999,61.0,person999@example.com,53315.5
3536,Person_3536,21.0,person3536@example.com,43729.1
2685,Person_2685,49.0,person2685@example.com,46607.03
1578,Person_1578,20.0,person1578@example.com,66677.22
4889,Person_4889,29.0,person4889@example.com,72363.33
1827,Person_1827,30.0,person1827@example.com,61009.98
3439,Person_3439,31.0,person3439@example.com,62088.93
5090,Person_3038,58.0,person3038@example.com,37411.91
3689,Person_3689,47.0,person3689@example.com,44166.29
441,Person_441,51.0,person441@example.com,46508.49
5051,Person_2309,30.0,person2309@example.com,55919.31
1101,Person_1101,62.0,person1101@example.com,55416.56
2638,Person_2638,34.0,person2638@example.com,48263.94
3198,Person_3198,53.0,person3198@example.com,67721.73
650,Person_650,30.0,person650@example.com,53012.42
1547,Person_1547,18.0,person1547@example.com,57514.41
3692,Person_3692,36.0,person3692@example.com,39572.91
3715,Person_3715,19.0,person3715@example.com,41355.61
3309,Person_3309,57.0,person3309@example.com,60748.04
3332,Person_3332,40.0,person3332@example.com,34660.32
3905,Person_3905,41.0,person3905@example.com,63180.92
631,Person_631,36.0,person631@example.com,38610.11
673,Person_673,31.0,person673@example.com,61071.59
1250,Person_1250,40.0,person1250@example.com,47663.38
483,Person_483,36.0,person483@example.com,65715.45
1585,Person_1585,52.0,person1585@example.com,61103.3
3214,Person_3214,55.0,person3214@example.com,41811.46
4723,Person_4723,53.0,person4723@example.com,57428.6
3177,Person_3177,52.0,person3177@example.com,63067.52
1463,Person_1463,34.0,,66836.52
4100,Person_4100,42.0,person4100@example.com,53481.61
3781,Person_3781,49.0,person3781@example.com,52263.93
5081,Person_2479,18.0,person2479@example.com,67485.17
2579,Person_2579,49.0,person2579@example.com,74425.45
3969,Person_3969,23.0,person3969@example.com,66232.67
50,Person_50,37.0,person50@example.com,49580.09
4380,Person_4380,30.0,person4380@example.com,29745.01
4115,Person_4115,33.0,person4115@example.com,78904.44
859,Person_859,26.0,person859@example.com,66500.63
1073,Person_1073,25.0,person1073@example.com,30092.94
720,Person_720,22.0,person720@example.com,67767.29
4962,Person_4962,44.0,person4962@example.com,49191.79
2632,Person_2632,60.0,person2632@example.com,45381.67
4973,Person_4973,52.0,person4973@example.com,46584.53
1661,Person_1661,53.0,person1661@example.com,48692.43
1657,Person_1657,60.0,person1657@example.com,58319.21
2426,Person_2426,26.0,person2426@example.com,65126.07
3677,Person_3677,60.0,person3677@example.com,48817.95
4317,Person_4317,55.0,person4317@example.com,48318.65
5074,Person_443,42.0,person443@example.com,53672.02
3456,Person_3456,34.0,person3456@example.com,65458.29
4570,Person_4570,22.0,person4570@example.com,46553.0
3762,Person_3762,18.0,person3762@example.com,49204.19
4850,Person_4850,62.0,person4850@example.com,58171.48
2935,Person_2935,33.0,person2935@example.com,64436.87
4212,Person_4212,29.0,person4212@example.com,85726.04
3251,Person_3251,26.0,person3251@example.com,53522.36
2607,Person_2607,27.0,person2607@example.com,45338.86
1386,Person_1386,28.0,person1386@example.com,72046.05
4004,Person_4004,30.0,person4004@example.com,51514.55
1400,Person_1400,36.0,person1400@example.com,57917.48
1196,Person_1196,23.0,person1196@example.com,53439.28
1409,Person_1409,19.0,person1409@example.com,74555.71
3993,Person_3993,62.0,person3993@example.com,41441.8
1799,Person_1799,25.0,person1799@example.com,52431.19
1476,Person_1476,35.0,person1476@example.com,48889.44
3363,Person_3363,56.0,person3363@example.com,65406.25
36,Person_36,61.0,person36@example.com,60559.46
3695,Person_3695,57.0,person3695@example.com,58961.37
2346,Person_2346,30.0,person2346@example.com,59213.99
3323,Person_3323,39.0,person3323@example.com,31413.33
2360,Person_2360,23.0,person2360@example.com,52541.48
3007,Person_3007,19.0,person3007@example.com,65280.85
2207,Person_2207,33.0,person2207@example.com,64925.39
3347,Person_3347,46.0,person3347@example.com,50642.42
3934,Person_3934,39.0,person3934@example.com,54502.34
1287,Person_1287,40.0,person1287@example.com,31294.15
350,Person_350,49.0,person350@example.com,44718.73
2138,Person_2138,21.0,person2138@example.com,53300.22
2692,Person_2692,27.0,person2692@example.com,63796.65
3114,Person_3114,45.0,person3114@example.com,51817.15
3270,Person_3270,33.0,person3270@example.com,47336.97
1682,Person_1682,46.0,person1682@example.com,37807.94
4142,Person_4142,45.0,person4142@example.com,60714.88
1444,Person_1444,40.0,person1444@example.com,57922.36
4408,Person_4408,22.0,person4408@example.com,43615.02
1672,Person_1672,49.0,person1672@example.com,79504.84
4389,Person_4389,48.0,person4389@example.com,63101.64
1180,Person_1180,42.0,person1180@example.com,61435.49
2799,Person_2799,31.0,person2799@example.com,49196.59
1693,Person_1693,48.0,person1693@example.com,67960.67
4715,Person_4715,47.0,person4715@example.com,49860.18
373,Person_373,50.0,person373@example.com,57808.29
3769,Person_3769,36.0,person3769@example.com,33043.82
1917,Person_1917,29.0,person1917@example.com,44352.05
1358,Person_1358,59.0,person1358@example.com,58822.25
1826,Person_1826,28.0,person1826@example.com,66342.54
787,Person_787,28.0,person787@example.com,60954.39
470,Person_470,38.0,person470@example.com,45970.78
141,Person_141,26.0,person141@example.com,47933.6
789,Person_789,55.0,person789@example.com,61137.99
324,Person_324,47.0,person324@example.com,55413.29
51,Person_51,45.0,person51@example.com,57340.3
715,Person_715,42.0,person715@example.com,47711.75
4582,Person_4582,35.0,person4582@example.com,67567.32
2841,Person_2841,35.0,person2841@example.com,79430.48
2447,Person_2447,62.0,person2447@example.com,61217.22
5032,Person_2169,43.0,person2169@example.com,47703.93
4511,Person_4511,27.0,person4511@example.com,47903.26
4690,Person_4690,20.0,person4690@example.com,32970.77
3152,Person_3152,45.0,person3152@example.com,48783.17
2667,Person_2667,26.0,person2667@example.com,41845.36
407,Person_407,32.0,person407@example.com,51389.68
4177,Person_4177,56.0,person4177@example.com,46252.49
1005,Person_1005,18.0,person1005@example.com,37769.09
4581,Person_4581,27.0,person4581@example.com,67902.66
891,Person_891,64.0,person891@example.com,43319.45
2412,Person_2412,33.0,person2412@example.com,47926.57
2546,Person_2546,53.0,person2546@example.com,48537.12
3587,Person_3587,45.0,person3587@example.com,61066.69
2391,Person_2391,33.0,person2391@example.com,65669.85
4106,Person_4106,43.0,person4106@example.com,37795.24
43,Person_43,35.0,person43@example.com,59635.88
2831,Person_2831,46.0,person2831@example.com,42332.33
3457,Person_3457,58.0,person3457@example.com,39985.61
3023,Person_3023,24.0,person3023@example.com,56630.31
304,Person_304,38.0,person304@example.com,49346.5
4607,Person_4607,35.0,person4607@example.com,57687.12
3911,Person_3911,45.0,person3911@example.com,68074.44
665,Person_665,54.0,person665@example.com,54070.68
1178,Person_1178,58.0,person1178@example.com,44316.19
2677,Person_2677,27.0,person2677@example.com,44094.76
1948,Person_1948,48.0,person1948@example.com,62480.89
2502,Person_2502,30.0,person2502@example.com,48928.41
1474,Person_1474,40.0,person1474@example.com,50885.45
3636,Person_3636,53.0,person3636@example.com,53636.0
4728,Person_4728,28.0,person4728@example.com,43907.71
2133,Person_2133,28.0,person2133@example.com,71210.23
1027,Person_1027,57.0,person1027@example.com,30778.15
2990,Person_2990,41.0,person2990@example.com,61287.53
962,Person_962,32.0,,62085.06
2890,Person_2890,62.0,person2890@example.com,34086.74
3022,Person_3022,49.0,person3022@example.com,52232.96
3016,Person_3016,41.0,person3016@example.com,75665.86
4464,Person_4464,51.0,person4464@example.com,55462.66
2010,Person_2010,29.0,person2010@example.com,54545.28
2150,Person_2150,18.0,person2150@example.com,83123.85
3471,Person_3471,55.0,person3471@example.com,53115.7
2339,Person_2339,26.0,person2339@example.com,64936.71
4891,Person_4891,61.0,person4891@example.com,36124.13
305,Person_305,37.0,person305@example.com,53876.37
1441,Person_1441,48.0,person1441@example.com,59660.51
1497,Person_1497,40.0,person1497@example.com,43173.52
2653,Person_2653,22.0,person2653@example.com,33315.5
2876,Person_2876,28.0,person2876@example.com,67276.68
917,Person_917,35.0,person917@example.com,31261.3
4571,Person_4571,60.0,person4571@example.com,42343.55
5017,Person_174,47.0,person174@example.com,52752.05
2773,Person_2773,18.0,person2773@example.com,49212.24
1625,Person_1625,25.0,person1625@example.com,63176.35
4006,Person_4006,40.0,person4006@example.com,72145.12
822,Person_822,64.0,person822@example.com,79814.88
4839,Person_4839,19.0,person4839@example.com,67698.04
1355,Person_1355,55.0,person1355@example.com,63998.8
4591,Person_4591,18.0,person4591@example.com,45104.66
851,Person_851,29.0,person851@example.com,62686.52
1001,Person_1001,30.0,person1001@example.com,48705.2
3980,Person_3980,53.0,person3980@example.com,56719.68
19,Person_19,41.0,person19@example.com,78551.05
1638,Person_1638,49.0,person1638@example.com,67301.31
1668,Person_1668,48.0,person1668@example.com,56624.06
494,Person_494,49.0,,60247.76
1348,Person_1348,53.0,person1348@example.com,57338.11
3019,Person_3019,55.0,person3019@example.com,49624.46
5064,Person_3209,44.0,person3209@example.com,52180.91
3739,Person_3739,19.0,person3739@example.com,64409.76
5099,Person_67,46.0,person67@example.com,52878.71
3634,Person_3634,49.0,person3634@example.com,54458.53
688,Person_688,41.0,person688@example.com,54092.01
4677,Person_4677,23.0,person4677@example.com,51247.87
1609,Person_1609,26.0,person1609@example.com,50088.3
4550,Person_4550,46.0,person4550@example.com,76837.26
3552,Person_3552,40.0,person3552@example.com,38857.48
1010,Person_1010,28.0,person1010@example.com,53102.15
2409,Person_2409,56.0,person2409@example.com,53389.84
1093,Person_1093,22.0,person1093@example.com,43079.7
1328,Person_1328,19.0,person1328@example.com,3500000.0
4827,Person_4827,36.0,person4827@example.com,56055.68
1678,Person_1678,53.0,person1678@example.com,57375.0
2000,Person_2000,23.0,person2000@example.com,53456.09
1311,Person_1311,51.0,person1311@example.com,49229.99
3556,Person_3556,26.0,person3556@example.com,64278.88
3405,Person_3405,40.0,person3405@example.com,67491.45
1988,Person_1988,54.0,person1988@example.com,61322.78
3810,Person_3810,55.0,person3810@example.com,46555.48
345,Person_345,63.0,person345@example.com,38539.92
4273,Person_4273,20.0,,73723.07
987,Person_987,54.0,person987@example.com,69618.34
4182,Person_4182,35.0,person4182@example.com,76666.89
4658,Person_4658,40.0,person4658@example.com,48336.63
4403,Person_4403,33.0,person4403@example.com,26590.27
4639,Person_4639,46.0,person4639@example.com,49584.37
3832,Person_3832,32.0,person3832@example.com,63351.19
3168,Person_3168,47.0,person3168@example.com,44072.26
1143,Person_1143,29.0,,53200.71
2359,Person_2359,39.0,person2359@example.com,63923.82
1199,Person_1199,46.0,person1199@example.com,74377.35
86,Person_86,41.0,person86@example.com,48310.92
1519,Person_1519,35.0,person1519@example.com,38519.17
517,Person_517,19.0,,71446.43
1382,Person_1382,46.0,person1382@example.com,55957.62
2717,Person_2717,35.0,person2717@example.com,66111.7
3226,Person_3226,31.0,person3226@example.com,45447.23
1015,Person_1015,47.0,person1015@example.com,66946.98
129,Person_129,18.0,,52079.39
1365,Person_1365,57.0,person1365@example.com,61864.08
3783,Person_3783,45.0,person3783@example.com,59827.22
4122,Person_4122,47.0,person4122@example.com,54852.42
3269,Person_3269,58.0,person3269@example.com,60363.78
892,Person_892,62.0,person892@example.com,67085.6
2794,Person_2794,59.0,person2794@example.com,74193.65
4296,Person_4296,38.0,person4296@example.com,33667.83
1360,Person_1360,38.0,person1360@example.com,47405.44
308,Person_308,20.0,person308@example.com,38234.58
1662,Person_1662,44.0,person1662@example.com,55388.88
2432,Person_2432,21.0,person2432@example.com,63747.29
4104,Person_4104,55.0,person4104@example.com,39342.2
1318,Person_1318,27.0,person1318@example.com,64403.08
4394,Person_4394,39.0,person4394@example.com,38114.95
2475,Person_2475,50.0,person2475@example.com,57623.91
2543,Person_2543,54.0,person2543@example.com,64832.48
1247,Person_1247,63.0,person1247@example.com,81209.16
4363,Person_4363,50.0,person4363@example.com,74267.44
1209,Person_1209,37.0,person1209@example.com,37011.81
217,Person_217,43.0,person217@example.com,52663.63
4383,Person_4383,29.0,person4383@example.com,55636.71
4353,Person_4353,53.0,person4353@example.com,78437.29
1240,Person_1240,46.0,person1240@example.com,65961.68
2290,Person_2290,22.0,person2290@example.com,54412.42
2741,Person_2741,38.0,person2741@example.com,38802.72
276,Person_276,20.0,person276@example.com,70268.24
490,Person_490,41.0,person490@example.com,32439.88
1036,Person_1036,52.0,person1036@example.com,61255.36
1230,Person_1230,18.0,person1230@example.com,59659.74
4679,Person_4679,52.0,person4679@example.com,52012.32
1009,Person_1009,26.0,person1009@example.com,67151.65
4804,Person_4804,35.0,,49012.15
5096,Person_959,45.0,person959@example.com,69312.82
4803,Person_4803,,person4803@example.com,45395.98
2533,Person_2533,63.0,person2533@example.com,57158.97
4256,Person_4256,20.0,person4256@example.com,57785.14
1059,Person_1059,50.0,person1059@example.com,57709.14
2167,Person_2167,61.0,person2167@example.com,40065.49
4184,Person_4184,46.0,,53838.88
4572,Person_4572,51.0,person4572@example.com,54193.24
282,Person_282,25.0,person282@example.com,56120.47
3721,Person_3721,31.0,person3721@example.com,45227.22
1317,Person_1317,34.0,person1317@example.com,32777.89
5078,Person_3056,22.0,person3056@example.com,61199.73
969,Person_969,25.0,person969@example.com,54223.74
3271,Person_3271,46.0,person3271@example.com,74839.72
4094,Person_4094,21.0,person4094@example.com,69768.43
3312,Person_3312,37.0,person3312@example.com,57332.0
3672,Person_3672,33.0,person3672@example.com,55774.07
620,Person_620,62.0,person620@example.com,60702.01
3481,Person_3481,47.0,person3481@example.com,60001.62
1743,Person_1743,40.0,person1743@example.com,60768.93
1391,Person_1391,51.0,person1391@example.com,62145.89
4160,Person_4160,62.0,person4160@example.com,67367.92
1848,Person_1848,41.0,person1848@example.com,43406.12
1580,Person_1580,22.0,person1580@example.com,57438.83
1656,Person_1656,30.0,person1656@example.com,45104.65
2353,Person_2353,25.0,person2353@example.com,53337.85
2213,Person_2213,32.0,person2213@example.com,71213.37
2021,Person_2021,27.0,person2021@example.com,57527.21
5072,Person_4072,48.0,person4072@example.com,58888.44
1957,Person_1957,49.0,person1957@example.com,48213.08
3738,Person_3738,33.0,person3738@example.com,65820.74
3193,Person_3193,32.0,person3193@example.com,55450.5
1308,Person_1308,55.0,person1308@example.com,57384.16
2004,Person_2004,19.0,person2004@example.com,54535.09
4710,Person_4710,61.0,person4710@example.com,33841.16
576,Person_576,64.0,person576@example.com,55360.38
2361,Person_2361,19.0,person2361@example.com,55376.75
4334,Person_4334,34.0,person4334@example.com,45608.9
4530,Person_4530,27.0,person4530@example.com,70436.59
1707,Person_1707,32.0,person1707@example.com,42298.71
3906,Person_3906,25.0,person3906@example.com,66550.03
3623,Person_3623,34.0,person3623@example.com,71704.47
1281,Person_1281,48.0,person1281@example.com,61637.79
862,Person_862,39.0,person862@example.com,67891.82
4232,Person_4232,58.0,person4232@example.com,49481.69
1802,Person_1802,63.0,person1802@example.com,58187.4
1629,Person_1629,23.0,person1629@example.com,60676.46
1994,Person_1994,31.0,person1994@example.com,49370.43
2640,Person_2640,37.0,person2640@example.com,75098.32
270,Person_270,49.0,person270@example.com,56269.05
630,Person_630,48.0,person630@example.com,38894.47
3082,Person_3082,62.0,person3082@example.com,78306.95
2335,Person_2335,54.0,person2335@example.com,60989.15
2967,Person_2967,61.0,person2967@example.com,47306.63
301,Person_301,21.0,person301@example.com,60832.44
460,Person_460,45.0,person460@example.com,33978.05
1448,Person_1448,25.0,person1448@example.com,46036.92
1473,Person_1473,25.0,person1473@example.com,76760.89
2047,Person_2047,61.0,person2047@example.com,52169.0
4316,Person_4316,54.0,person4316@example.com,35494.09
3930,Person_3930,54.0,person3930@example.com,50276.66
3495,Person_3495,53.0,not-a-valid-email,48372.86
2114,Person_2114,36.0,person2114@example.com,51645.91
28,Person_28,61.0,person28@example.com,44442.23
4372,Person_4372,57.0,person4372@example.com,79718.14
4616,Person_4616,32.0,person4616@example.com,53587.99
3711,Person_3711,26.0,person3711@example.com,39587.36
838,Person_838,49.0,person838@example.com,42071.49
3995,Person_3995,21.0,person3995@example.com,69293.09
4367,Person_4367,41.0,person4367@example.com,38535.05
2009,Person_2009,57.0,person2009@example.com,55975.34
5007,Person_1649,41.0,person1649@example.com,59850.55
504,Person_504,29.0,,60414.7
3353,Person_3353,62.0,person3353@example.com,86704.14
4395,Person_4395,54.0,person4395@example.com,52359.78
381,Person_381,42.0,person381@example.com,54320.94
1852,Person_1852,63.0,person1852@example.com,59321.97
1526,Person_1526,46.0,person1526@example.com,71266.88
2366,Person_2366,34.0,person2366@example.com,52363.97
4465,Person_4465,42.0,person4465@example.com,49196.1
3053,Person_3053,42.0,person3053@example.com,48776.0
2885,Person_2885,60.0,person2885@example.com,48361.87
2341,Person_2341,50.0,person2341@example.com,30106.16
375,Person_375,60.0,person375@example.com,69406.38
3407,Person_3407,62.0,person3407@example.com,60767.04
2382,Person_2382,47.0,person2382@example.com,61060.25
4400,Person_4400,33.0,person4400@example.com,50348.44
940,Person_940,23.0,person940@example.com,41631.44
4021,Person_4021,58.0,person4021@example.com,45308.9
4252,Person_4252,41.0,person4252@example.com,76673.07
2800,Person_2800,51.0,person2800@example.com,65101.37
2148,Person_2148,62.0,person2148@example.com,56786.52
3986,Person_3986,49.0,person3986@example.com,46565.06
4634,Person_4634,55.0,person4634@example.com,69528.09
4304,Person_4304,,person4304@example.com,72324.04
2069,Person_2069,,person2069@example.com,27156.21
530,Person_530,21.0,person530@example.com,57273.76
3894,Person_3894,55.0,person3894@example.com,75891.3
637,Person_637,,person637@example.com,42683.57
1270,Person_1270,49.0,person1270@example.com,57298.93
186,Person_186,23.0,person186@example.com,29433.2
3987,Person_3987,28.0,person3987@example.com,52146.32
4514,Person_4514,38.0,person4514@example.com,34129.54
3605,Person_3605,25.0,person3605@example.com,52778.83
1798,Person_1798,46.0,person1798@example.com,59955.99
2980,Person_2980,38.0,,37071.55
1442,Person_1442,38.0,person1442@example.com,53862.11
3577,Person_3577,62.0,person3577@example.com,66038.46
4974,Person_4974,48.0,person4974@example.com,44490.22
1536,Person_1536,22.0,person1536@example.com,65704.81
3594,Person_3594,53.0,person3594@example.com,47970.49
3189,Person_3189,21.0,person3189@example.com,60411.55
1274,Person_1274,63.0,person1274@example.com,42404.13
2468,Person_2468,31.0,person2468@example.com,43057.91
608,Person_608,30.0,person608@example.com,42822.89
3537,Person_3537,43.0,person3537@example.com,70990.62
1713,Person_1713,37.0,person1713@example.com,50789.81
2200,Person_2200,63.0,person2200@example.com,66138.95
956,Person_956,23.0,person956@example.com,46263.07
2580,Person_2580,53.0,person2580@example.com,59989.92
4725,Person_4725,26.0,person4725@example.com,55476.57
4518,Person_4518,47.0,person4518@example.com,92412.17
3530,Person_3530,22.0,person3530@example.com,66632.43
4773,Person_4773,20.0,person4773@example.com,78023.28
404,Person_404,39.0,person404@example.com,32562.2
2072,Person_2072,48.0,person2072@example.com,69429.41
4854,Person_4854,52.0,person4854@example.com,52436.88
1978,Person_1978,43.0,person1978@example.com,46606.06
159,Person_159,53.0,person159@example.com,59903.29
1749,Person_1749,21.0,person1749@example.com,70211.82
2910,Person_2910,18.0,person2910@example.com,24357.4
3687,Person_3687,52.0,person3687@example.com,35918.3
903,Person_903,56.0,person903@example.com,38805.09
353,Person_353,20.0,person353@example.com,40574.21
1231,Person_1231,31.0,person1231@example.com,69994.06
4767,Person_4767,24.0,person4767@example.com,40162.26
2141,Person_2141,,person2141@example.com,28861.46
445,Person_445,62.0,person445@example.com,65103.8
5048,Person_3921,60.0,person3921@example.com,59482.4
755,Person_755,31.0,person755@example.com,75348.67
1738,Person_1738,23.0,person1738@example.com,63162.76
2972,Person_2972,22.0,person2972@example.com,71141.77
5079,Person_3935,34.0,person3935@example.com,41811.53
2921,Person_2921,53.0,person2921@example.com,58933.73
312,Person_312,39.0,person312@example.com,21014.13
549,Person_549,40.0,person549@example.com,59411.44
662,Person_662,33.0,person662@example.com,57133.0
5021,Person_1699,36.0,person1699@example.com,53497.91
1990,Person_1990,55.0,person1990@example.com,52621.65
307,Person_307,24.0,person307@example.com,39554.04
2336,Person_2336,50.0,person2336@example.com,34692.75
695,Person_695,45.0,person695@example.com,60897.15
2357,Person_2357,61.0,person2357@example.com,50977.07
1928,Person_1928,61.0,person1928@example.com,65053.17
685,Person_685,25.0,person685@example.com,36076.04
750,Person_750,27.0,person750@example.com,79635.66
3642,Person_3642,,,70272.58
3393,Person_3393,62.0,person3393@example.com,57796.52
1267,Person_1267,25.0,person1267@example.com,59170.74
3432,Person_3432,46.0,person3432@example.com,48145.79
3698,Person_3698,24.0,person3698@example.com,61051.25
4516,Person_4516,53.0,person4516@example.com,27704.55
2135,Person_2135,51.0,person2135@example.com,45323.48
3084,Person_3084,44.0,person3084@example.com,56135.45
3062,Person_3062,45.0,person3062@example.com,54041.1
3026,Person_3026,43.0,person3026@example.com,55516.49
971,Person_971,62.0,person971@example.com,55878.36
14,Person_14,57.0,person14@example.com,56482.57
874,Person_874,39.0,person874@example.com,42205.18
809,Person_809,34.0,person809@example.com,60217.24
3199,Person_3199,29.0,person3199@example.com,44275.05
515,Person_515,48.0,person515@example.com,42398.31
4840,Person_4840,26.0,person4840@example.com,60646.12
410,Person_410,50.0,person410@example.com,58017.68
3558,Person_3558,30.0,person3558@example.com,58699.5
4433,Person_4433,40.0,person4433@example.com,48664.07
208,Person_208,45.0,person208@example.com,64095.06
4890,Person_4890,,person4890@example.com,47069.99
459,Person_459,31.0,person459@example.com,41147.65
3624,Person_3624,37.0,person3624@example.com,56333.55
2431,Person_2431,43.0,person2431@example.com,60754.09
3820,Person_3820,45.0,person3820@example.com,58396.64
111,Person_111,56.0,person111@example.com,60784.8
3910,Person_3910,20.0,person3910@example.com,54979.43
1108,Person_1108,64.0,person1108@example.com,56172.04
1884,Person_1884,57.0,,42041.89
1714,Person_1714,49.0,person1714@example.com,28379.83
1288,Person_1288,38.0,person1288@example.com,64013.19
3549,Person_3549,59.0,person3549@example.com,50364.13
553,Person_553,30.0,person553@example.com,69240.82
1440,Person_1440,25.0,person1440@example.com,23431.24
2271,Person_2271,59.0,person2271@example.com,71541.64
3145,Person_3145,39.0,person3145@example.com,57917.62
2822,Person_2822,27.0,person2822@example.com,55156.52
4880,Person_4880,28.0,person4880@example.com,45125.73
1926,Person_1926,46.0,person1926@example.com,48528.34
635,Person_635,27.0,person635@example.com,63472.95
4904,Person_4904,64.0,person4904@example.com,54414.04
317,Person_317,55.0,person317@example.com,50062.88
4305,Person_4305,26.0,person4305@example.com,58496.55
4797,Person_4797,62.0,person4797@example.com,64041.01
1329,Person_1329,62.0,person1329@example.com,45287.43
428,Person_428,36.0,person428@example.com,72939.26
3524,Person_3524,29.0,,47420.18
106,Person_106,52.0,person106@example.com,47373.31
3042,Person_3042,19.0,person3042@example.com,57427.36
143,Person_143,32.0,person143@example.com,47705.5
2170,Person_2170,28.0,person2170@example.com,42826.24
4190,Person_4190,18.0,person4190@example.com,48534.52
90,Person_90,58.0,person90@example.com,44818.86
2919,Person_2919,41.0,person2919@example.com,75590.89
3238,Person_3238,37.0,person3238@example.com,36466.79
2242,Person_2242,48.0,person2242@example.com,38984.67
3175,Person_3175,51.0,person3175@example.com,26155.98
3716,Person_3716,57.0,,45138.22
2164,Person_2164,50.0,person2164@example.com,48734.42
2637,Person_2637,41.0,person2637@example.com,34577.17
1950,Person_1950,37.0,person1950@example.com,80859.14
1769,Person_1769,61.0,person1769@example.com,65149.63
3430,Person_3430,56.0,person3430@example.com,41234.09
2273,Person_2273,41.0,person2273@example.com,59675.25
2,Person_2,46.0,person2@example.com,55286.84
3429,Person_3429,58.0,person3429@example.com,45373.61
5057,Person_1776,37.0,person1776@example.com,58429.64
1952,Person_1952,21.0,person1952@example.com,43707.73
936,Person_936,54.0,person936@example.com,52809.17
4387,Person_4387,42.0,person4387@example.com,37473.99
2721,Person_2721,25.0,person2721@example.com,66566.88
3639,Person_3639,50.0,person3639@example.com,55381.11
1110,Person_1110,29.0,person1110@example.com,33482.72
4948,Person_4948,42.0,person4948@example.com,60793.48
592,Person_592,22.0,person592@example.com,43653.92
1696,Person_1696,62.0,person1696@example.com,67863.16
4168,Person_4168,42.0,person4168@example.com,49537.61
2937,Person_2937,48.0,person2937@example.com,21003.64
4292,Person_4292,53.0,person4292@example.com,48671.33
3561,Person_3561,62.0,person3561@example.com,55880.04
1577,Person_1577,58.0,person1577@example.com,68912.57
1112,Person_1112,19.0,person1112@example.com,53515.25
214,Person_214,36.0,person214@example.com,70550.46
779,Person_779,34.0,person779@example.com,42872.82
1416,Person_1416,60.0,person1416@example.com,53352.27
4033,Person_4033,30.0,person4033@example.com,90224.87
2044,Person_2044,64.0,person2044@example.com,56173.76
2849,Person_2849,62.0,person2849@example.com,54237.12
4631,Person_4631,18.0,person4631@example.com,54561.04
3658,Person_3658,62.0,person3658@example.com,63198.55
3981,Person_3981,30.0,person3981@example.com,48809.14
1568,Person_1568,25.0,person1568@example.com,42043.16
166,Person_166,59.0,person166@example.com,60500.64
4812,Person_4812,57.0,person4812@example.com,52031.92
3740,Person_3740,57.0,person3740@example.com,44223.67
5026,Person_1154,46.0,person1154@example.com,52655.32
1344,Person_1344,23.0,person1344@example.com,59719.68
2014,Person_2014,64.0,person2014@example.com,56341.59
274,Person_274,,person274@example.com,57397.73
72,Person_72,27.0,person72@example.com,52102.03
4061,Person_4061,38.0,person4061@example.com,80627.04
1088,Person_1088,50.0,,52112.02
395,Person_395,32.0,person395@example.com,46517.29
584,Person_584,40.0,person584@example.com,51543.53
1368,Person_1368,62.0,person1368@example.com,53261.15
5088,Person_1038,54.0,person1038@example.com,57016.72
4739,Person_4739,64.0,person4739@example.com,33632.49
2549,Person_2549,54.0,person2549@example.com,45187.81
1014,Person_1014,52.0,person1014@example.com,53723.96
4997,Person_4997,22.0,person4997@example.com,47115.58
3004,Person_3004,27.0,person3004@example.com,77784.82
4887,Person_4887,47.0,person4887@example.com,45934.01
1702,Person_1702,27.0,person1702@example.com,50380.69
3685,Person_3685,58.0,person3685@example.com,31697.7
1764,Person_1764,39.0,person1764@example.com,59648.46
1876,Person_1876,55.0,person1876@example.com,43185.59
1260,Person_1260,25.0,,59357.39
3345,Person_3345,59.0,person3345@example.com,71526.17
4624,Person_4624,39.0,person4624@example.com,49316.25
2254,Person_2254,24.0,person2254@example.com,61037.08
2782,Person_2782,27.0,person2782@example.com,60140.1
3751,Person_3751,48.0,person3751@example.com,40816.22
527,Person_527,51.0,person527@example.com,42149.77
3571,Person_3571,39.0,person3571@example.com,65922.59
2947,Person_2947,37.0,person2947@example.com,53428.89
378,Person_378,59.0,person378@example.com,41593.76
1560,Person_1560,63.0,person1560@example.com,60922.72
3989,Person_3989,50.0,person3989@example.com,61248.27
1964,Person_1964,51.0,person1964@example.com,55426.79
4831,Person_4831,21.0,person4831@example.com,49822.53
349,Person_349,38.0,person349@example.com,75819.24
2435,Person_2435,52.0,person2435@example.com,48110.79
2247,Person_2247,48.0,person2247@example.com,64479.04
4253,Person_4253,41.0,person4253@example.com,87002.86
1710,Person_1710,46.0,person1710@example.com,62306.86
1051,Person_1051,56.0,person1051@example.com,56241.26
591,Person_591,48.0,person591@example.com,75116.72
520,Person_520,34.0,person520@example.com,43145.52
3381,Person_3381,36.0,person3381@example.com,51275.31
4587,Person_4587,63.0,person4587@example.com,47489.01
4327,Person_4327,49.0,person4327@example.com,61011.01
2478,Person_2478,31.0,person2478@example.com,59410.12
1084,Person_1084,55.0,person1084@example.com,70639.34
4870,Person_4870,38.0,person4870@example.com,38209.26
4877,Person_4877,29.0,person4877@example.com,54661.39
4603,Person_4603,45.0,person4603@example.com,42397.76
1295,Person_1295,18.0,person1295@example.com,44638.08
1810,Person_1810,63.0,person1810@example.com,44046.27
792,Person_792,51.0,person792@example.com,54422.94
793,Person_793,35.0,person793@example.com,52802.19
4867,Person_4867,40.0,person4867@example.com,47318.15
1856,Person_1856,39.0,person1856@example.com,75628.49
4856,Person_4856,36.0,person4856@example.com,41456.91
1981,Person_1981,47.0,person1981@example.com,45446.36
3234,Person_3234,59.0,person3234@example.com,81777.99
4082,Person_4082,61.0,person4082@example.com,41414.21
3535,Person_3535,62.0,person3535@example.com,52401.72
3329,Person_3329,58.0,person3329@example.com,37878.08
1531,Person_1531,27.0,person1531@example.com,72221.05
1411,Person_1411,26.0,person1411@example.com,52087.62
4385,Person_4385,60.0,person4385@example.com,49277.48
4955,Person_4955,55.0,person4955@example.com,71467.26
84,Person_84,35.0,person84@example.com,57177.12
869,Person_869,18.0,person869@example.com,39759.27
2351,Person_2351,49.0,person2351@example.com,63512.23
21,Person_21,47.0,person21@example.com,67137.56
3574,Person_3574,59.0,person3574@example.com,55680.9
2796,Person_2796,29.0,person2796@example.com,61398.49
3454,Person_3454,57.0,person3454@example.com,36224.53
4666,Person_4666,49.0,person4666@example.com,55698.55
1563,Person_1563,30.0,person1563@example.com,41545.08
3094,Person_3094,60.0,person3094@example.com,47207.62
3156,Person_3156,52.0,person3156@example.com,69736.36
974,Person_974,23.0,person974@example.com,53995.38
1711,Person_1711,39.0,person1711@example.com,58144.8
3202,Person_3202,26.0,,20205.83
4399,Person_4399,20.0,person4399@example.com,62598.7
4918,Person_4918,53.0,person4918@example.com,46217.71
1099,Person_1099,64.0,person1099@example.com,44286.55
4248,Person_4248,57.0,person4248@example.com,46978.54
2845,Person_2845,63.0,person2845@example.com,43326.83
887,Person_887,64.0,person887@example.com,82643.67
5031,Person_273,52.0,person273@example.com,61521.75
4994,Person_4994,52.0,person4994@example.com,65208.63
4674,Person_4674,50.0,person4674@example.com,59764.56
3722,Person_3722,21.0,person3722@example.com,73010.12
4617,Person_4617,45.0,person4617@example.com,49534.4
516,Person_516,63.0,person516@example.com,64089.94
4716,Person_4716,34.0,person4716@example.com,54874.42
738,Person_738,38.0,person738@example.com,74063.52
1454,Person_1454,43.0,person1454@example.com,56010.02
2007,Person_2007,22.0,person2007@example.com,59915.63
4798,Person_4798,32.0,person4798@example.com,56197.92
2507,Person_2507,164.0,person2507@example.com,52896.47
2995,Person_2995,56.0,person2995@example.com,54694.07
2127,Person_2127,42.0,person2127@example.com,62054.27
2927,Person_2927,47.0,person2927@example.com,56816.84
5082,Person_4430,37.0,person4430@example.com,61193.73
907,Person_907,,person907@example.com,52850.88
3809,Person_3809,39.0,person3809@example.com,56745.13
1031,Person_1031,,person1031@example.com,49505.82
2508,Person_2508,,person2508@example.com,59791.81
2429,Person_2429,20.0,person2429@example.com,36013.32
948,Person_948,26.0,person948@example.com,45092.16
3974,Person_3974,50.0,person3974@example.com,48402.53
763,Person_763,57.0,person763@example.com,49545.43
716,Person_716,19.0,person716@example.com,54073.35
285,Person_285,57.0,person285@example.com,73196.73
687,Person_687,29.0,not-a-valid-email,54112.33
704,Person_704,37.0,person704@example.com,79562.35
3342,Person_3342,44.0,person3342@example.com,73394.48
2354,Person_2354,55.0,person2354@example.com,49913.32
2258,Person_2258,,person2258@example.com,58708.57
3706,Person_3706,54.0,person3706@example.com,53820.28
474,Person_474,47.0,person474@example.com,61187.54
22,Person_22,55.0,person22@example.com,71097.71
2753,Person_2753,50.0,person2753@example.com,42564.29
886,Person_886,20.0,person886@example.com,62249.45
2449,Person_2449,47.0,person2449@example.com,44568.56
918,Person_918,64.0,person918@example.com,55563.22
3923,Person_3923,30.0,person3923@example.com,47907.78
3917,Person_3917,57.0,person3917@example.com,59384.73
2240,Person_2240,28.0,person2240@example.com,67480.74
4013,Person_4013,22.0,person4013@example.com,75935.01
3396,Person_3396,62.0,person3396@example.com,57767.33
1266,Person_1266,64.0,person1266@example.com,41772.76
484,Person_484,49.0,person484@example.com,76955.44
4428,Person_4428,50.0,person4428@example.com,56191.77
2964,Person_2964,38.0,person2964@example.com,71006.63
1220,Person_1220,49.0,person1220@example.com,50963.36
278,Person_278,41.0,person278@example.com,58464.68
989,Person_989,53.0,person989@example.com,65466.36
2085,Person_2085,18.0,,51812.75
1246,Person_1246,36.0,person1246@example.com,44988.62
2383,Person_2383,33.0,person2383@example.com,56014.22
572,Person_572,45.0,person572@example.com,56611.56
1436,Person_1436,29.0,person1436@example.com,74660.32
994,Person_994,23.0,person994@example.com,52327.35
4574,Person_4574,28.0,person4574@example.com,64239.62
3856,Person_3856,28.0,person3856@example.com,71153.2
586,Person_586,56.0,person586@example.com,25146.3
3527,Person_3527,48.0,person3527@example.com,52791.61
3821,Person_3821,28.0,person3821@example.com,50928.27
2515,Person_2515,48.0,person2515@example.com,76417.3
1350,Person_1350,55.0,person1350@example.com,57476.34
1008,Person_1008,34.0,person1008@example.com,29408.85
675,Person_675,48.0,person675@example.com,80980.67
2413,Person_2413,29.0,person2413@example.com,36010.86
2904,Person_2904,23.0,person2904@example.com,55452.36
448,Person_448,56.0,person448@example.com,50502.14
3625,Person_3625,58.0,person3625@example.com,70818.36
4866,Person_4866,33.0,person4866@example.com,55357.55
3866,Person_3866,36.0,person3866@example.com,39149.29
360,Person_360,63.0,person360@example.com,58859.12
2065,Person_2065,37.0,,55182.2
4543,Person_4543,52.0,person4543@example.com,31991.81
3978,Person_3978,33.0,person3978@example.com,54386.58
1691,Person_1691,34.0,person1691@example.com,44191.94
4417,Person_4417,22.0,person4417@example.com,49265.92
1549,Person_1549,32.0,person1549@example.com,57806.18
1248,Person_1248,51.0,person1248@example.com,61846.09
1986,Person_1986,31.0,person1986@example.com,57917.1
295,Person_295,19.0,person295@example.com,32106.31
1548,Person_1548,63.0,person1548@example.com,41900.5
2013,Person_2013,40.0,person2013@example.com,63673.92
589,Person_589,56.0,person589@example.com,40515.74
3330,Person_3330,18.0,person3330@example.com,55832.05
2404,Person_2404,37.0,person2404@example.com,55972.99
2130,Person_2130,30.0,person2130@example.com,56115.75
4479,Person_4479,55.0,person4479@example.com,55516.37
3509,Person_3509,36.0,person3509@example.com,44276.86
2411,Person_2411,50.0,person2411@example.com,75080.37
2720,Person_2720,38.0,person2720@example.com,62870.71
4648,Person_4648,37.0,person4648@example.com,69146.39
426,Person_426,59.0,person426@example.com,54549.15
2583,Person_2583,28.0,person2583@example.com,47738.13
1055,Person_1055,55.0,person1055@example.com,58864.99
4650,Person_4650,52.0,person4650@example.com,65368.84
4656,Person_4656,44.0,person4656@example.com,62963.76
557,Person_557,58.0,person557@example.com,44144.63
4449,Person_4449,19.0,person4449@example.com,50374.08
2055,Person_2055,46.0,person2055@example.com,39760.02
4810,Person_4810,29.0,person4810@example.com,60622.48
2470,Person_2470,35.0,person2470@example.com,76617.16
4808,Person_4808,39.0,person4808@example.com,49422.79
356,Person_356,59.0,person356@example.com,51005.68
1194,Person_1194,,person1194@example.com,59555.68
1717,Person_1717,44.0,person1717@example.com,70064.84
3417,Person_3417,50.0,person3417@example.com,45858.1
2605,Person_2605,46.0,person2605@example.com,51731.08
4215,Person_4215,62.0,person4215@example.com,58088.48
2829,Person_2829,24.0,person2829@example.com,53074.97
1705,Person_1705,51.0,person1705@example.com,46979.86
2864,Person_2864,62.0,person2864@example.com,43021.45
2619,Person_2619,41.0,person2619@example.com,57380.72
2401,Person_2401,18.0,person2401@example.com,42640.33
2140,Person_2140,36.0,person2140@example.com,61371.71
3240,Person_3240,24.0,person3240@example.com,65003.24
2384,Person_2384,9.0,person2384@example.com,46436.98
3219,Person_3219,36.0,person3219@example.com,33971.47
3908,Person_3908,53.0,person3908@example.com,81359.75
1286,Person_1286,50.0,person1286@example.com,49344.84
3964,Person_3964,64.0,person3964@example.com,63431.92
4009,Person_4009,21.0,person4009@example.com,31440.53
4562,Person_4562,57.0,person4562@example.com,55941.27
2088,Person_2088,49.0,person2088@example.com,58171.22
1890,Person_1890,26.0,person1890@example.com,56897.07
3659,Person_3659,34.0,person3659@example.com,71683.06
1592,Person_1592,20.0,person1592@example.com,56515.21
1347,Person_1347,59.0,person1347@example.com,60523.26
4524,Person_4524,21.0,person4524@example.com,62947.16
2163,Person_2163,42.0,person2163@example.com,56763.22
2397,Person_2397,22.0,person2397@example.com,57979.9
3805,Person_3805,46.0,person3805@example.com,73614.94
2272,Person_2272,25.0,person2272@example.com,56389.9
4727,Person_4727,45.0,person4727@example.com,60535.27
3112,Person_3112,51.0,person3112@example.com,57113.81
1138,Person_1138,42.0,person1138@example.com,38539.08
4069,Person_4069,27.0,person4069@example.com,41837.5
973,Person_973,,person973@example.com,69300.49
796,Person_796,44.0,person796@example.com,47472.24
3021,Person_3021,52.0,person3021@example.com,28500.63
1712,Person_1712,21.0,person1712@example.com,31605.26
3388,Person_3388,61.0,person3388@example.com,44545.68
37,Person_37,20.0,person37@example.com,55522.18
454,Person_454,43.0,person454@example.com,58758.21
914,Person_914,20.0,person914@example.com,65735.77
4174,Person_4174,47.0,person4174@example.com,35472.26
1200,Person_1200,60.0,person1200@example.com,51135.66
1275,Person_1275,60.0,person1275@example.com,71350.75
2376,Person_2376,30.0,person2376@example.com,56631.09
38,Person_38,54.0,person38@example.com,61697.67
975,Person_975,43.0,person975@example.com,41565.45
3196,Person_3196,63.0,person3196@example.com,24732.66
984,Person_984,43.0,person984@example.com,53179.43
4078,Person_4078,25.0,person4078@example.com,51812.89
4167,Person_4167,49.0,person4167@example.com,38800.89
1419,Person_1419,42.0,person1419@example.com,58692.12
3333,Person_3333,55.0,person3333@example.com,64842.79
1561,Person_1561,41.0,person1561@example.com,58490.76
40,Person_40,,person40@example.com,51440.71
1487,Person_1487,41.0,person1487@example.com,70409.15
4056,Person_4056,55.0,person4056@example.com,52654.33
170,Person_170,45.0,person170@example.com,44083.8
1356,Person_1356,29.0,person1356@example.com,58351.21
2786,Person_2786,44.0,person2786@example.com,67259.48
3794,Person_3794,29.0,person3794@example.com,50703.05
4847,Person_4847,25.0,,36693.14
3613,Person_3613,51.0,person3613@example.com,66487.66
988,Person_988,28.0,person988@example.com,67688.42
2683,Person_2683,19.0,person2683@example.com,39031.54
4802,Person_4802,47.0,person4802@example.com,45692.72
4146,Person_4146,38.0,person4146@example.com,45941.61
1641,Person_1641,57.0,person1641@example.com,54431.55
1291,Person_1291,53.0,person1291@example.com,30066.26
3682,Person_3682,33.0,person3682@example.com,37933.24
1381,Person_1381,43.0,person1381@example.com,65315.02
1934,Person_1934,54.0,person1934@example.com,21012.09
580,Person_580,29.0,person580@example.com,73041.04
4308,Person_4308,49.0,person4308@example.com,63784.97
3161,Person_3161,28.0,person3161@example.com,47114.38
2031,Person_2031,60.0,person2031@example.com,45509.42
893,Person_893,35.0,person893@example.com,59033.74
4111,Person_4111,51.0,person4111@example.com,31425.57
781,Person_781,40.0,person781@example.com,73362.34
160,Person_160,,person160@example.com,51306.3
3,Person_3,32.0,person3@example.com,50783.03
2264,Person_2264,45.0,person2264@example.com,72433.07
3217,Person_3217,9.0,person3217@example.com,62729.49
2110,Person_2110,63.0,person2110@example.com,52026.97
850,Person_850,58.0,person850@example.com,54612.63
2738,Person_2738,35.0,person2738@example.com,48507.92
2467,Person_2467,35.0,person2467@example.com,50024.48
3859,Person_3859,64.0,person3859@example.com,54737.72
3812,Person_3812,40.0,person3812@example.com,56731.92
1597,Person_1597,64.0,person1597@example.com,43310.54
1777,Person_1777,23.0,person1777@example.com,44858.15
1914,Person_1914,35.0,person1914@example.com,53730.17
1044,Person_1044,42.0,person1044@example.com,37310.41
4811,Person_4811,64.0,person4811@example.com,76394.87
1545,Person_1545,54.0,person1545@example.com,67904.12
2737,Person_2737,30.0,person2737@example.com,44792.64
3869,Person_3869,59.0,person3869@example.com,56905.07
4713,Person_4713,39.0,person4713@example.com,54760.98
54,Person_54,61.0,person54@example.com,62472.53
1797,Person_1797,34.0,person1797@example.com,35996.94
3589,Person_3589,52.0,person3589@example.com,40709.0
1912,Person_1912,31.0,person1912@example.com,20949.92
2307,Person_2307,26.0,person2307@example.com,55105.4
2554,Person_2554,39.0,person2554@example.com,79271.08
2801,Person_2801,37.0,person2801@example.com,42385.36
937,Person_937,50.0,person937@example.com,43120.51
4213,Person_4213,43.0,person4213@example.com,76011.11
825,Person_825,48.0,person825@example.com,72969.18
4832,Person_4832,28.0,person4832@example.com,29558.95
3179,Person_3179,45.0,person3179@example.com,37254.67
3402,Person_3402,42.0,person3402@example.com,44670.92
1390,Person_1390,52.0,person1390@example.com,42616.54
3565,Person_3565,22.0,person3565@example.com,50651.83
4976,Person_4976,33.0,person4976@example.com,45333.68
885,Person_885,24.0,person885@example.com,67820.55
3973,Person_3973,42.0,person3973@example.com,47164.6
3647,Person_3647,44.0,person3647@example.com,38754.94
3732,Person_3732,62.0,person3732@example.com,51626.03
1608,Person_1608,46.0,person1608@example.com,59601.22
1595,Person_1595,55.0,person1595@example.com,49916.82
772,Person_772,20.0,person772@example.com,29732.24
2612,Person_2612,51.0,person2612@example.com,52353.54
4025,Person_4025,24.0,person4025@example.com,75177.91
2274,Person_2274,33.0,person2274@example.com,28354.95
1869,Person_1869,47.0,person1869@example.com,46007.71
1086,Person_1086,54.0,person1086@example.com,50051.03
11,Person_11,,,62506.1
4763,Person_4763,30.0,person4763@example.com,49943.72
1326,Person_1326,26.0,person1326@example.com,38005.28
3391,Person_3391,25.0,person3391@example.com,41279.93
1464,Person_1464,40.0,person1464@example.com,46456.32
807,Person_807,21.0,person807@example.com,75544.48
3899,Person_3899,62.0,person3899@example.com,54284.15
4127,Person_4127,18.0,person4127@example.com,41176.03
3938,Person_3938,27.0,person3938@example.com,46966.76
2109,Person_2109,42.0,person2109@example.com,58688.15
4324,Person_4324,19.0,person4324@example.com,58870.06
5056,Person_3751,48.0,person3751@example.com,40816.22
2235,Person_2235,30.0,person2235@example.com,62047.15
3212,Person_3212,51.0,person3212@example.com,32518.7
964,Person_964,47.0,,59064.25
3416,Person_3416,47.0,person3416@example.com,56773.07
3919,Person_3919,53.0,person3919@example.com,47145.6
399,Person_399,49.0,person399@example.com,46244.77
2633,Person_2633,18.0,person2633@example.com,50833.76
4950,Person_4950,57.0,person4950@example.com,50998.47
2997,Person_2997,34.0,person2997@example.com,55700.44
705,Person_705,30.0,person705@example.com,46900.79
432,Person_432,43.0,person432@example.com,42746.05
4764,Person_4764,22.0,person4764@example.com,62456.16
293,Person_293,63.0,person293@example.com,59010.12
4966,Person_4966,48.0,person4966@example.com,30821.19
146,Person_146,30.0,person146@example.com,65000.01
4233,Person_4233,36.0,person4233@example.com,49844.38
2034,Person_2034,37.0,person2034@example.com,63417.94
3742,Person_3742,51.0,person3742@example.com,49464.8
4294,Person_4294,33.0,person4294@example.com,59785.17
1166,Person_1166,63.0,person1166@example.com,56893.14
3501,Person_3501,54.0,person3501@example.com,50206.41
2051,Person_2051,,person2051@example.com,37032.91
3761,Person_3761,56.0,person3761@example.com,44803.35
2625,Person_2625,18.0,person2625@example.com,48534.87
4528,Person_4528,36.0,person4528@example.com,63721.53
340,Person_340,52.0,person340@example.com,30400.7
4051,Person_4051,22.0,person4051@example.com,59153.41
3835,Person_3835,23.0,person3835@example.com,58360.54
2974,Person_2974,40.0,person2974@example.com,49016.39
266,Person_266,,person266@example.com,54176.39
2425,Person_2425,44.0,person2425@example.com,60232.07
1263,Person_1263,20.0,person1263@example.com,79183.3
1772,Person_1772,38.0,person1772@example.com,64078.78
3512,Person_3512,35.0,person3512@example.com,40640.01
272,Person_272,58.0,person272@example.com,44844.21
697,Person_697,54.0,person697@example.com,57345.78
748,Person_748,54.0,person748@example.com,48272.71
245,Person_245,49.0,person245@example.com,69471.93
318,Person_318,62.0,person318@example.com,68846.81
477,Person_477,27.0,person477@example.com,41755.96
2033,Person_2033,18.0,person2033@example.com,38619.74
958,Person_958,37.0,person958@example.com,58748.54
3985,Person_3985,26.0,person3985@example.com,60677.75
814,Person_814,22.0,person814@example.com,28398.17
4258,Person_4258,40.0,person4258@example.com,50894.22
1915,Person_1915,29.0,person1915@example.com,49556.36
3811,Person_3811,,not-a-valid-email,75308.16
4697,Person_4697,40.0,person4697@example.com,53681.63
3488,Person_3488,61.0,person3488@example.com,66490.45
1298,Person_1298,37.0,person1298@example.com,60671.56
4150,Person_4150,19.0,person4150@example.com,75322.57
1805,Person_1805,46.0,person1805@example.com,40756.08
759,Person_759,122.0,person759@example.com,57103.44
251,Person_251,35.0,person251@example.com,66186.3
2462,Person_2462,,person2462@example.com,53192.63
546,Person_546,56.0,person546@example.com,58577.9
3242,Person_3242,26.0,person3242@example.com,68991.0
739,Person_739,23.0,person739@example.com,63344.83
311,Person_311,29.0,person311@example.com,36767.85
3947,Person_3947,46.0,person3947@example.com,46007.01
2942,Person_2942,61.0,person2942@example.com,73818.19
1132,Person_1132,60.0,person1132@example.com,59557.21
1450,Person_1450,35.0,person1450@example.com,52394.43
5019,Person_843,45.0,person843@example.com,41661.04
16,Person_16,20.0,person16@example.com,48931.04
3233,Person_3233,20.0,person3233@example.com,69934.78
2770,Person_2770,61.0,person2770@example.com,74640.88
3469,Person_3469,40.0,person3469@example.com,59049.78
921,Person_921,39.0,person921@example.com,44988.12
3030,Person_3030,32.0,person3030@example.com,51626.49
1373,Person_1373,43.0,person1373@example.com,50339.84
3588,Person_3588,41.0,person3588@example.com,60234.83
2545,Person_2545,46.0,person2545@example.com,43410.61
3599,Person_3599,39.0,person3599@example.com,31631.89
39,Person_39,24.0,person39@example.com,24645.28
364,Person_364,39.0,person364@example.com,63312.67
4526,Person_4526,26.0,person4526@example.com,75250.58
183,Person_183,58.0,,50379.74
3034,Person_3034,39.0,person3034@example.com,56187.21
2984,Person_2984,21.0,person2984@example.com,52980.89
1195,Person_1195,24.0,person1195@example.com,48326.58
2853,Person_2853,48.0,person2853@example.com,54649.4
3932,Person_3932,41.0,person3932@example.com,39254.04
1122,Person_1122,28.0,person1122@example.com,60850.72
2236,Person_2236,21.0,person2236@example.com,52532.47
2668,Person_2668,19.0,person2668@example.com,54185.54
3862,Person_3862,26.0,person3862@example.com,52678.87
3224,Person_3224,57.0,person3224@example.com,59839.29
1183,Person_1183,55.0,person1183@example.com,56716.59
4271,Person_4271,38.0,person4271@example.com,58851.97
4384,Person_4384,33.0,person4384@example.com,65383.48
615,Person_615,46.0,person615@example.com,57353.58
5008,Person_2942,61.0,person2942@example.com,73818.19
1467,Person_1467,39.0,person1467@example.com,49189.91
402,Person_402,42.0,person402@example.com,61868.68
3043,Person_3043,42.0,person3043@example.com,54785.26
935,Person_935,23.0,person935@example.com,49036.82
2420,Person_2420,62.0,person2420@example.com,46796.39
4149,Person_4149,57.0,person4149@example.com,55268.07
4608,Person_4608,38.0,person4608@example.com,31641.7
2642,Person_2642,57.0,person2642@example.com,28585.08
4439,Person_4439,46.0,person4439@example.com,58716.72
727,Person_727,38.0,person727@example.com,61267.01
827,Person_827,33.0,person827@example.com,53758.83
1522,Person_1522,52.0,person1522@example.com,60036.47
4843,Person_4843,51.0,person4843@example.com,63879.33
2931,Person_2931,52.0,person2931@example.com,80016.56
137,Person_137,43.0,person137@example.com,72723.21
3591,Person_3591,64.0,person3591@example.com,43850.36
629,Person_629,23.0,person629@example.com,71795.14
335,Person_335,45.0,person335@example.com,62322.59
3854,Person_3854,41.0,person3854@example.com,71824.11
391,Person_391,,person391@example.com,67500.7
4478,Person_4478,64.0,person4478@example.com,43827.98
4975,Person_4975,32.0,person4975@example.com,61393.4
4498,Person_4498,26.0,person4498@example.com,44873.75
1818,Person_1818,37.0,person1818@example.com,79900.78
401,Person_401,39.0,person401@example.com,39482.3
711,Person_711,23.0,person711@example.com,65088.81
1040,Person_1040,36.0,person1040@example.com,52821.96
778,Person_778,47.0,person778@example.com,54229.79
3360,Person_3360,37.0,person3360@example.com,51724.8
47,Person_47,26.0,person47@example.com,49410.33
1562,Person_1562,28.0,person1562@example.com,31053.62
4898,Person_4898,29.0,person4898@example.com,44810.74
3643,Person_3643,44.0,person3643@example.com,40966.23
3727,Person_3727,52.0,person3727@example.com,37221.03
4942,Person_4942,49.0,person4942@example.com,79533.78
1113,Person_1113,44.0,person1113@example.com,50227.84
2514,Person_2514,36.0,person2514@example.com,40612.58
3609,Person_3609,54.0,person3609@example.com,68215.96
1224,Person_1224,46.0,person1224@example.com,57067.05
4956,Person_4956,35.0,person4956@example.com,56704.53
3024,Person_3024,38.0,person3024@example.com,54369.94
2422,Person_2422,58.0,person2422@example.com,54828.76
1509,Person_1509,62.0,person1509@example.com,55545.9
1751,Person_1751,52.0,person1751@example.com,41114.6
4936,Person_4936,25.0,person4936@example.com,56072.74
4181,Person_4181,34.0,person4181@example.com,37284.85
1800,Person_1800,32.0,person1800@example.com,59552.86
339,Person_339,23.0,person339@example.com,63575.32
216,Person_216,61.0,person216@example.com,63940.06
3664,Person_3664,36.0,person3664@example.com,49878.35
1342,Person_1342,,person1342@example.com,88775.85
12,Person_12,41.0,person12@example.com,65622.78
3887,Person_3887,30.0,person3887@example.com,72637.41
1521,Person_1521,49.0,person1521@example.com,77425.81
3895,Person_3895,28.0,person3895@example.com,39526.23
3641,Person_3641,40.0,person3641@example.com,49812.46
330,Person_330,36.0,person330@example.com,60362.47
3942,Person_3942,64.0,person3942@example.com,43760.9
3005,Person_3005,38.0,person3005@example.com,56044.2
2865,Person_2865,,,54966.57
3116,Person_3116,48.0,person3116@example.com,58223.12
4939,Person_4939,39.0,person4939@example.com,66343.74
2323,Person_2323,63.0,person2323@example.com,70456.91
2572,Person_2572,38.0,person2572@example.com,39846.76
2914,Person_2914,58.0,person2914@example.com,53153.14
102,Person_102,41.0,person102@example.com,45003.33
3550,Person_3550,54.0,person3550@example.com,28536.47
1459,Person_1459,49.0,person1459@example.com,49806.71
172,Person_172,61.0,person172@example.com,46986.65
108,Person_108,50.0,person108@example.com,51145.09
4284,Person_4284,30.0,person4284@example.com,54304.59
3570,Person_3570,62.0,person3570@example.com,56014.32
5092,Person_2769,18.0,person2769@example.com,52961.77
3875,Person_3875,52.0,person3875@example.com,51545.13
4386,Person_4386,27.0,person4386@example.com,75125.39
25,Person_25,50.0,person25@example.com,69770.49
4032,Person_4032,28.0,person4032@example.com,58983.02
4208,Person_4208,22.0,person4208@example.com,68960.51
939,Person_939,38.0,person939@example.com,45267.99
61,Person_61,57.0,person61@example.com,54596.65
1241,Person_1241,56.0,person1241@example.com,61451.56
4734,Person_4734,45.0,person4734@example.com,62570.51
1041,Person_1041,31.0,person1041@example.com,28875.22
4274,Person_4274,39.0,person4274@example.com,31580.77
2761,Person_2761,,person2761@example.com,58522.45
2121,Person_2121,45.0,person2121@example.com,56014.06
1525,Person_1525,46.0,person1525@example.com,36149.42
3522,Person_3522,25.0,person3522@example.com,59726.48
154,Person_154,56.0,person154@example.com,57329.29
2249,Person_2249,59.0,person2249@example.com,58922.26
482,Person_482,,person482@example.com,65724.37
4321,Person_4321,34.0,person4321@example.com,58725.67
4396,Person_4396,25.0,person4396@example.com,53471.12
3579,Person_3579,63.0,person3579@example.com,47869.47
4211,Person_4211,52.0,person4211@example.com,41939.07
3921,Person_3921,60.0,person3921@example.com,59482.4
3563,Person_3563,39.0,person3563@example.com,66606.14
3316,Person_3316,45.0,person3316@example.com,59790.74
1763,Person_1763,37.0,person1763@example.com,56289.33
3539,Person_3539,63.0,person3539@example.com,47741.12
4902,Person_4902,49.0,person4902@example.com,47350.15
751,Person_751,27.0,person751@example.com,68065.24
3620,Person_3620,56.0,person3620@example.com,38047.29
1786,Person_1786,42.0,person1786@example.com,43509.17
4625,Person_4625,24.0,person4625@example.com,90316.58
3384,Person_3384,63.0,person3384@example.com,54515.99
4224,Person_4224,21.0,person4224@example.com,42104.07
406,Person_406,23.0,person406@example.com,51602.33
758,Person_758,18.0,person758@example.com,67282.37
2712,Person_2712,47.0,person2712@example.com,31288.44
2671,Person_2671,53.0,person2671@example.com,85863.94
4125,Person_4125,64.0,person4125@example.com,60307.8
98,Person_98,41.0,person98@example.com,42951.34
1334,Person_1334,60.0,person1334@example.com,46733.37
4545,Person_4545,42.0,person4545@example.com,59035.33
2792,Person_2792,53.0,person2792@example.com,47179.9
2855,Person_2855,36.0,person2855@example.com,42453.65
187,Person_187,25.0,person187@example.com,64218.49
1137,Person_1137,35.0,person1137@example.com,66746.67
2724,Person_2724,63.0,person2724@example.com,33712.36
3584,Person_3584,56.0,person3584@example.com,51219.02
2059,Person_2059,54.0,person2059@example.com,43066.86
1320,Person_1320,63.0,person1320@example.com,51181.15
4561,Person_4561,62.0,person4561@example.com,65487.88
149,Person_149,49.0,person149@example.com,69615.51
29,Person_29,42.0,person29@example.com,78844.73
4230,Person_4230,46.0,person4230@example.com,60767.3
1395,Person_1395,22.0,person1395@example.com,36997.34
3364,Person_3364,38.0,person3364@example.com,49031.75
693,Person_693,43.0,person693@example.com,82257.4
2867,Person_2867,23.0,person2867@example.com,50871.23
3777,Person_3777,27.0,person3777@example.com,44367.52
1387,Person_1387,53.0,,53638.23
1846,Person_1846,28.0,person1846@example.com,65072.19
4829,Person_4829,31.0,person4829@example.com,48652.02
130,Person_130,52.0,person130@example.com,51401.94
1600,Person_1600,,person1600@example.com,35825.53
3630,Person_3630,36.0,person3630@example.com,56009.13
4597,Person_4597,34.0,person4597@example.com,49519.63
702,Person_702,26.0,person702@example.com,56514.13
3548,Person_3548,54.0,person3548@example.com,58622.48
3029,Person_3029,39.0,person3029@example.com,48111.01
2970,Person_2970,38.0,person2970@example.com,55241.28
4447,Person_4447,27.0,person4447@example.com,44479.63
1709,Person_1709,54.0,person1709@example.com,57405.52
2954,Person_2954,24.0,person2954@example.com,46941.85
455,Person_455,33.0,person455@example.com,47721.96
2869,Person_2869,37.0,person2869@example.com,43240.89
2041,Person_2041,54.0,person2041@example.com,56663.74
1773,Person_1773,64.0,person1773@example.com,38266.06
2316,Person_2316,20.0,person2316@example.com,46178.6
610,Person_610,59.0,person610@example.com,59997.35
168,Person_168,23.0,,47984.59
731,Person_731,44.0,person731@example.com,61884.93
4338,Person_4338,26.0,person4338@example.com,36731.99
3359,Person_3359,60.0,person3359@example.com,57160.85
3897,Person_3897,50.0,person3897@example.com,65951.44
2075,Person_2075,40.0,person2075@example.com,58349.01
4154,Person_4154,54.0,person4154@example.com,65782.14
3946,Person_3946,41.0,person3946@example.com,50866.27
3701,Person_3701,53.0,person3701@example.com,54012.96
1623,Person_1623,32.0,person1623@example.com,75393.23
588,Person_588,59.0,person588@example.com,59056.28
1402,Person_1402,60.0,person1402@example.com,71279.0
3046,Person_3046,61.0,person3046@example.com,40202.78
3225,Person_3225,41.0,person3225@example.com,43399.58
1701,Person_1701,24.0,person1701@example.com,53617.31
3089,Person_3089,45.0,person3089@example.com,51581.96
4481,Person_4481,44.0,person4481@example.com,30216.37
2982,Person_2982,58.0,person2982@example.com,49027.93
41,Person_41,160.0,person41@example.com,57895.86
1380,Person_1380,53.0,person1380@example.com,52308.17
2090,Person_2090,22.0,person2090@example.com,39831.93
3925,Person_3925,61.0,person3925@example.com,36182.27
2176,Person_2176,19.0,person2176@example.com,71486.97
3218,Person_3218,52.0,person3218@example.com,55983.87
2886,Person_2886,47.0,person2886@example.com,51952.58
75,Person_75,48.0,person75@example.com,65494.2
4083,Person_4083,50.0,person4083@example.com,41813.0
4064,Person_4064,23.0,person4064@example.com,47449.45
2658,Person_2658,55.0,person2658@example.com,43869.36
3181,Person_3181,56.0,person3181@example.com,46151.44
2077,Person_2077,55.0,person2077@example.com,34711.94
442,Person_442,49.0,person442@example.com,46453.91
4161,Person_4161,27.0,person4161@example.com,68137.58
2052,Person_2052,54.0,person2052@example.com,70371.27
2542,Person_2542,34.0,person2542@example.com,36294.56
3307,Person_3307,46.0,person3307@example.com,57395.33
1302,Person_1302,20.0,person1302@example.com,47441.39
1782,Person_1782,55.0,person1782@example.com,48064.95
4913,Person_4913,45.0,person4913@example.com,39244.38
3431,Person_3431,19.0,person3431@example.com,68078.86
1305,Person_1305,37.0,person1305@example.com,55271.57
237,Person_237,20.0,person237@example.com,62685.76
4263,Person_4263,58.0,person4263@example.com,54298.84
2600,Person_2600,34.0,person2600@example.com,67985.35
521,Person_521,43.0,person521@example.com,44837.79
2574,Person_2574,62.0,person2574@example.com,55947.57
3281,Person_3281,54.0,person3281@example.com,45434.64
3187,Person_3187,40.0,person3187@example.com,38211.06
3954,Person_3954,37.0,person3954@example.com,58589.03
2769,Person_2769,18.0,person2769@example.com,52961.77
736,Person_736,52.0,person736@example.com,47630.53
4801,Person_4801,63.0,person4801@example.com,57465.47
5029,Person_2898,54.0,person2898@example.com,66643.79
2107,Person_2107,,person2107@example.com,62913.41
2680,Person_2680,29.0,person2680@example.com,55278.35
3230,Person_3230,39.0,person3230@example.com,60300.96
2762,Person_2762,42.0,person2762@example.com,57993.01
593,Person_593,52.0,person593@example.com,41159.79
1304,Person_1304,29.0,person1304@example.com,62599.92
1388,Person_1388,56.0,person1388@example.com,57658.7
4792,Person_4792,46.0,person4792@example.com,80494.67
4620,Person_4620,39.0,person4620@example.com,63491.1
1524,Person_1524,63.0,person1524@example.com,55102.67
1891,Person_1891,56.0,person1891@example.com,51669.47
2988,Person_2988,50.0,person2988@example.com,42434.11
5024,Person_3644,28.0,person3644@example.com,46348.36
3298,Person_3298,57.0,person3298@example.com,48424.05
905,Person_905,43.0,person905@example.com,55408.33
4704,Person_4704,34.0,person4704@example.com,69159.86
1280,Person_1280,31.0,person1280@example.com,30014.82
934,Person_934,62.0,person934@example.com,60493.67
4999,Person_4999,27.0,person4999@example.com,45858.88
2309,Person_2309,30.0,person2309@example.com,55919.31
1556,Person_1556,54.0,person1556@example.com,51558.47
4627,Person_4627,41.0,person4627@example.com,83431.45
3191,Person_3191,64.0,person3191@example.com,36146.17
4535,Person_4535,59.0,person4535@example.com,63258.46
707,Person_707,46.0,person707@example.com,78898.64
4787,Person_4787,58.0,person4787@example.com,47768.51
3071,Person_3071,63.0,person3071@example.com,60424.81
746,Person_746,20.0,person746@example.com,39938.38
3595,Person_3595,34.0,person3595@example.com,52340.8
1940,Person_1940,52.0,person1940@example.com,74395.6
4491,Person_4491,51.0,,60401.87
2863,Person_2863,28.0,person2863@example.com,58277.42
1921,Person_1921,36.0,person1921@example.com,46993.73
514,Person_514,29.0,person514@example.com,63657.75
1309,Person_1309,47.0,person1309@example.com,54051.19
915,Person_915,58.0,person915@example.com,38525.69
3453,Person_3453,47.0,person3453@example.com,56108.52
3696,Person_3696,24.0,person3696@example.com,45231.87
3157,Person_3157,51.0,person3157@example.com,50982.36
2199,Person_2199,23.0,person2199@example.com,62734.22
775,Person_775,61.0,person775@example.com,51373.83
944,Person_944,28.0,person944@example.com,49826.49
823,Person_823,40.0,person823@example.com,33019.81
165,Person_165,19.0,person165@example.com,47352.31
3984,Person_3984,64.0,person3984@example.com,46658.21
2539,Person_2539,21.0,person2539@example.com,66664.68
4874,Person_4874,54.0,person4874@example.com,37853.14
1312,Person_1312,61.0,person1312@example.com,63354.02
4641,Person_4641,27.0,person4641@example.com,45134.01
4264,Person_4264,23.0,person4264@example.com,64916.84
4742,Person_4742,36.0,person4742@example.com,49192.8
3301,Person_3301,63.0,person3301@example.com,51146.09
3311,Person_3311,,person3311@example.com,81142.75
328,Person_328,50.0,person328@example.com,43212.47
2491,Person_2491,38.0,person2491@example.com,67353.29
4782,Person_4782,26.0,person4782@example.com,60532.94
833,Person_833,20.0,person833@example.com,54411.65
3080,Person_3080,33.0,person3080@example.com,62093.63
3463,Person_3463,32.0,person3463@example.com,53056.54
4482,Person_4482,58.0,person4482@example.com,80459.58
55,Person_55,25.0,person55@example.com,62554.36
4065,Person_4065,55.0,person4065@example.com,54615.43
3452,Person_3452,33.0,person3452@example.com,43983.77
1902,Person_1902,28.0,person1902@example.com,60871.05
1482,Person_1482,59.0,person1482@example.com,46407.48
3336,Person_3336,42.0,person3336@example.com,69621.76
947,Person_947,41.0,person947@example.com,60337.29
3294,Person_3294,,person3294@example.com,40956.63
2162,Person_2162,46.0,person2162@example.com,54564.03
3058,Person_3058,29.0,person3058@example.com,38142.2
769,Person_769,56.0,,46395.81
4800,Person_4800,28.0,person4800@example.com,28097.01
3496,Person_3496,50.0,person3496@example.com,41834.28
286,Person_286,37.0,,62225.42
5038,Person_2099,47.0,person2099@example.com,51847.04
4542,Person_4542,44.0,person4542@example.com,55180.33
2333,Person_2333,53.0,person2333@example.com,74486.62
2718,Person_2718,38.0,person2718@example.com,53907.09
2080,Person_2080,62.0,person2080@example.com,51332.67
3390,Person_3390,29.0,person3390@example.com,63858.85
723,Person_723,35.0,person723@example.com,60330.38
952,Person_952,54.0,person952@example.com,29962.27
4457,Person_4457,37.0,person4457@example.com,61576.8
2263,Person_2263,39.0,person2263@example.com,51466.53
990,Person_990,30.0,person990@example.com,51218.96
3213,Person_3213,63.0,person3213@example.com,62750.69
1760,Person_1760,19.0,person1760@example.com,3500000.0
4983,Person_4983,52.0,person4983@example.com,52193.23
1725,Person_1725,43.0,person1725@example.com,33626.1
342,Person_342,54.0,person342@example.com,50964.94
3702,Person_3702,42.0,person3702@example.com,58677.41
689,Person_689,45.0,person689@example.com,78670.51
3433,Person_3433,58.0,person3433@example.com,55525.95
967,Person_967,32.0,person967@example.com,41283.77
4825,Person_4825,46.0,person4825@example.com,70130.19
2204,Person_2204,38.0,person2204@example.com,45117.58
2714,Person_2714,29.0,person2714@example.com,40850.7
4875,Person_4875,39.0,person4875@example.com,69270.72
3573,Person_3573,20.0,person3573@example.com,40489.62
1991,Person_1991,62.0,person1991@example.com,61121.89
4121,Person_4121,25.0,person4121@example.com,37053.5
4576,Person_4576,50.0,person4576@example.com,71417.13
4841,Person_4841,45.0,person4841@example.com,55142.35
3601,Person_3601,36.0,person3601@example.com,45273.66
4661,Person_4661,41.0,person4661@example.com,75735.57
5080,Person_4476,44.0,person4476@example.com,50692.5
4210,Person_4210,38.0,not-a-valid-email,39568.0
386,Person_386,62.0,person386@example.com,64116.55
4461,Person_4461,24.0,person4461@example.com,77774.65
4663,Person_4663,62.0,person4663@example.com,39569.63
537,Person_537,53.0,person537@example.com,34976.81
4762,Person_4762,24.0,person4762@example.com,50593.16
3508,Person_3508,37.0,person3508@example.com,39344.93
202,Person_202,19.0,person202@example.com,41439.17
1333,Person_1333,39.0,person1333@example.com,54732.4
3503,Person_3503,21.0,,54240.71
2709,Person_2709,38.0,person2709@example.com,46486.83
4022,Person_4022,34.0,person4022@example.com,52318.33
1855,Person_1855,33.0,person1855@example.com,42157.7
4563,Person_4563,,person4563@example.com,57195.93
2873,Person_2873,23.0,person2873@example.com,38821.88
3031,Person_3031,57.0,person3031@example.com,61952.16
1206,Person_1206,34.0,person1206@example.com,57622.41
1646,Person_1646,62.0,person1646@example.com,55569.92
3418,Person_3418,53.0,person3418@example.com,57524.41
3477,Person_3477,52.0,person3477@example.com,34249.81
2862,Person_2862,64.0,person2862@example.com,63299.42
1793,Person_1793,44.0,person1793@example.com,28963.87
3798,Person_3798,35.0,person3798@example.com,38559.68
3369,Person_3369,41.0,person3369@example.com,75487.96
3368,Person_3368,26.0,person3368@example.com,60433.08
3534,Person_3534,28.0,person3534@example.com,59325.3
4484,Person_4484,61.0,person4484@example.com,30699.52
3450,Person_3450,55.0,person3450@example.com,60381.83
604,Person_604,34.0,person604@example.com,54996.24
3057,Person_3057,28.0,person3057@example.com,43224.09
4451,Person_4451,22.0,person4451@example.com,69012.9
127,Person_127,44.0,person127@example.com,73754.67
3877,Person_3877,35.0,person3877@example.com,51760.58
2936,Person_2936,33.0,person2936@example.com,48285.44
3532,Person_3532,41.0,person3532@example.com,55630.32
2731,Person_2731,39.0,person2731@example.com,54315.51
828,Person_828,25.0,person828@example.com,40131.37
1640,Person_1640,20.0,person1640@example.com,55327.76
985,Person_985,31.0,person985@example.com,61400.31
3282,Person_3282,20.0,person3282@example.com,55491.1
5071,Person_4570,22.0,person4570@example.com,46553.0
2189,Person_2189,29.0,person2189@example.com,42229.36
4708,Person_4708,54.0,person4708@example.com,59800.0
2444,Person_2444,59.0,person2444@example.com,58906.93
363,Person_363,64.0,person363@example.com,57703.17
2350,Person_2350,44.0,person2350@example.com,41541.64
346,Person_346,48.0,person346@example.com,46486.71
815,Person_815,51.0,person815@example.com,61032.94
3206,Person_3206,35.0,person3206@example.com,53959.59
4247,Person_4247,44.0,person4247@example.com,37420.3
4894,Person_4894,33.0,person4894@example.com,58056.77
3326,Person_3326,41.0,person3326@example.com,49902.02
4107,Person_4107,23.0,person4107@example.com,44951.13
2117,Person_2117,31.0,person2117@example.com,44851.92
1835,Person_1835,64.0,person1835@example.com,42517.68
794,Person_794,47.0,person794@example.com,50719.92
5046,Person_3379,28.0,person3379@example.com,53858.66
2675,Person_2675,58.0,person2675@example.com,47963.02
95,Person_95,42.0,person95@example.com,57206.01
4226,Person_4226,59.0,person4226@example.com,65237.98
3757,Person_3757,31.0,person3757@example.com,52980.39
2892,Person_2892,59.0,person2892@example.com,51679.94
2372,Person_2372,39.0,person2372@example.com,67445.91
4236,Person_4236,45.0,person4236@example.com,66577.24
4525,Person_4525,24.0,person4525@example.com,42530.67
3229,Person_3229,40.0,person3229@example.com,75081.3
2854,Person_2854,53.0,person2854@example.com,64301.38
2913,Person_2913,23.0,person2913@example.com,59684.39
1866,Person_1866,50.0,person1866@example.com,51409.82
1858,Person_1858,37.0,person1858@example.com,57631.63
2646,Person_2646,28.0,person2646@example.com,59505.47
2244,Person_2244,27.0,person2244@example.com,60214.03
2337,Person_2337,53.0,person2337@example.com,52955.37
951,Person_951,57.0,person951@example.com,55086.14
3069,Person_3069,64.0,person3069@example.com,58696.12
1121,Person_1121,37.0,person1121@example.com,40885.92
2598,Person_2598,30.0,person2598@example.com,61642.83
2205,Person_2205,40.0,person2205@example.com,48780.97
420,Person_420,,person420@example.com,63875.84
923,Person_923,64.0,,36486.38
1255,Person_1255,25.0,person1255@example.com,46220.42
478,Person_478,22.0,person478@example.com,51030.53
2036,Person_2036,60.0,person2036@example.com,60949.66
1203,Person_1203,45.0,person1203@example.com,62030.85
2627,Person_2627,54.0,person2627@example.com,58074.05
4917,Person_4917,44.0,person4917@example.com,45362.67
1971,Person_1971,62.0,person1971@example.com,63313.23
3111,Person_3111,30.0,person3111@example.com,45222.93
4019,Person_4019,45.0,person4019@example.com,49010.33
2152,Person_2152,24.0,person2152@example.com,66385.76
3688,Person_3688,47.0,person3688@example.com,47024.19
1998,Person_1998,19.0,person1998@example.com,61935.74
4034,Person_4034,25.0,person4034@example.com,42664.91
3055,Person_3055,36.0,person3055@example.com,55353.17
1249,Person_1249,50.0,person1249@example.com,48032.22
2193,Person_2193,32.0,person2193@example.com,63050.93
2713,Person_2713,56.0,person2713@example.com,48156.23
993,Person_993,50.0,person993@example.com,66197.54
2191,Person_2191,51.0,person2191@example.com,34737.94
3763,Person_3763,34.0,person3763@example.com,61368.2
3598,Person_3598,57.0,person3598@example.com,68532.24
1319,Person_1319,47.0,person1319@example.com,46856.28
1864,Person_1864,19.0,person1864@example.com,55169.79
2344,Person_2344,56.0,person2344@example.com,52759.85
2450,Person_2450,41.0,person2450@example.com,54869.59
2137,Person_2137,63.0,person2137@example.com,63227.08
1066,Person_1066,57.0,person1066@example.com,49029.15
5060,Person_2614,39.0,person2614@example.com,61483.46
4228,Person_4228,32.0,person4228@example.com,54884.03
2622,Person_2622,22.0,person2622@example.com,57613.63
78,Person_78,31.0,person78@example.com,42495.47
2899,Person_2899,37.0,person2899@example.com,60025.12
1315,Person_1315,61.0,person1315@example.com,81039.24
4463,Person_4463,27.0,person4463@example.com,68022.67
873,Person_873,64.0,,45215.49
3851,Person_3851,30.0,person3851@example.com,53702.33
4886,Person_4886,19.0,person4886@example.com,62295.37
2966,Person_2966,43.0,person2966@example.com,55552.08
3392,Person_3392,25.0,person3392@example.com,56049.69
2561,Person_2561,44.0,person2561@example.com,68105.28
4996,Person_4996,33.0,person4996@example.com,41640.46
2636,Person_2636,52.0,person2636@example.com,60133.77
3531,Person_3531,47.0,person3531@example.com,47423.17
376,Person_376,56.0,person376@example.com,56684.32
1909,Person_1909,20.0,person1909@example.com,55670.37
4423,Person_4423,19.0,person4423@example.com,57321.38
4504,Person_4504,19.0,person4504@example.com,68856.33
4028,Person_4028,42.0,person4028@example.com,46834.07
1605,Person_1605,58.0,person1605@example.com,55532.31
1119,Person_1119,44.0,person1119@example.com,46958.62
3678,Person_3678,20.0,person3678@example.com,53481.77
3491,Person_3491,40.0,person3491@example.com,37830.03
4963,Person_4963,37.0,person4963@example.com,54951.13
2959,Person_2959,,person2959@example.com,49148.4
1995,Person_1995,56.0,person1995@example.com,43085.61
5055,Person_1944,24.0,person1944@example.com,52247.41
4446,Person_4446,46.0,person4446@example.com,63892.89
2377,Person_2377,46.0,person2377@example.com,56013.6
1343,Person_1343,28.0,person1343@example.com,53747.89
321,Person_321,44.0,person321@example.com,57285.09
1620,Person_1620,28.0,person1620@example.com,67435.63
3714,Person_3714,52.0,person3714@example.com,52251.03
2061,Person_2061,50.0,person2061@example.com,40803.33
2220,Person_2220,31.0,person2220@example.com,48985.19
1674,Person_1674,47.0,person1674@example.com,45682.01
261,Person_261,52.0,person261@example.com,59230.06
4509,Person_4509,43.0,person4509@example.com,55168.06
2040,Person_2040,29.0,person2040@example.com,51578.87
902,Person_902,34.0,person902@example.com,67983.82
3745,Person_3745,55.0,person3745@example.com,51725.87
2027,Person_2027,,person2027@example.com,42446.55
4235,Person_4235,63.0,person4235@example.com,49852.23
1918,Person_1918,30.0,person1918@example.com,64261.55
1829,Person_1829,25.0,person1829@example.com,63909.51
1574,Person_1574,60.0,person1574@example.com,59367.65
4485,Person_4485,36.0,person4485@example.com,56897.13
4209,Person_4209,28.0,person4209@example.com,67825.51
225,Person_225,41.0,person225@example.com,65429.86
724,Person_724,49.0,person724@example.com,68215.88
4579,Person_4579,35.0,person4579@example.com,69996.53
1142,Person_1142,60.0,person1142@example.com,49444.73
2763,Person_2763,54.0,person2763@example.com,51079.92
847,Person_847,23.0,person847@example.com,59160.52
4290,Person_4290,31.0,person4290@example.com,51425.6
2552,Person_2552,44.0,,46135.63
2929,Person_2929,45.0,person2929@example.com,45608.82
118,Person_118,51.0,person118@example.com,38137.72
646,Person_646,58.0,person646@example.com,50909.11
4,Person_4,60.0,person4@example.com,73760.96
4171,Person_4171,20.0,person4171@example.com,61612.2
468,Person_468,,person468@example.com,64312.33
6,Person_6,38.0,,73388.41
920,Person_920,64.0,person920@example.com,43625.29
2596,Person_2596,38.0,person2596@example.com,51247.98
4325,Person_4325,57.0,person4325@example.com,38630.73
1064,Person_1064,19.0,person1064@example.com,48364.95
2591,Person_2591,58.0,person2591@example.com,55954.88
243,Person_243,36.0,person243@example.com,52757.25
1161,Person_1161,18.0,person1161@example.com,58834.3
2871,Person_2871,44.0,person2871@example.com,46982.28
3736,Person_3736,36.0,person3736@example.com,53460.84
2398,Person_2398,37.0,,55937.41
3518,Person_3518,44.0,person3518@example.com,77558.49
3422,Person_3422,64.0,person3422@example.com,72977.17
2564,Person_2564,32.0,person2564@example.com,63689.64
1606,Person_1606,20.0,person1606@example.com,34051.51
4927,Person_4927,40.0,person4927@example.com,66583.92
2325,Person_2325,21.0,person2325@example.com,40166.37
2710,Person_2710,52.0,person2710@example.com,62735.15
4989,Person_4989,49.0,person4989@example.com,62420.33
1313,Person_1313,52.0,person1313@example.com,48787.69
3449,Person_3449,46.0,person3449@example.com,63695.1
3813,Person_3813,41.0,person3813@example.com,22559.82
4752,Person_4752,18.0,person4752@example.com,64114.0
2363,Person_2363,61.0,person2363@example.com,54753.27
1976,Person_1976,50.0,person1976@example.com,48082.97
3515,Person_3515,60.0,person3515@example.com,69391.59
1762,Person_1762,31.0,person1762@example.com,60012.17
2740,Person_2740,46.0,person2740@example.com,52337.34
4756,Person_4756,30.0,person4756@example.com,54615.49
2473,Person_2473,19.0,person2473@example.com,53501.36
4008,Person_4008,43.0,person4008@example.com,58417.06
1494,Person_1494,60.0,person1494@example.com,61854.15
4207,Person_4207,21.0,person4207@example.com,46761.53
2159,Person_2159,32.0,person2159@example.com,54089.54
1170,Person_1170,57.0,person1170@example.com,69302.79
4610,Person_4610,60.0,person4610@example.com,73470.37
233,Person_233,26.0,person233@example.com,35326.19
67,Person_67,46.0,person67@example.com,52878.71
1604,Person_1604,28.0,person1604@example.com,49425.03
3284,Person_3284,50.0,person3284@example.com,50272.16
3597,Person_3597,35.0,person3597@example.com,66505.8
126,Person_126,39.0,person126@example.com,43906.41
1297,Person_1297,22.0,person1297@example.com,55216.2
1977,Person_1977,52.0,person1977@example.com,72652.42
4611,Person_4611,55.0,person4611@example.com,43861.36
4575,Person_4575,20.0,person4575@example.com,45700.45
2076,Person_2076,61.0,person2076@example.com,58498.76
3087,Person_3087,55.0,person3087@example.com,58569.54
4436,Person_4436,36.0,person4436@example.com,59747.19
3346,Person_3346,18.0,person3346@example.com,67240.44
4558,Person_4558,58.0,person4558@example.com,71311.57
2798,Person_2798,31.0,person2798@example.com,38415.79
919,Person_919,53.0,person919@example.com,77773.2
1647,Person_1647,50.0,person1647@example.com,52011.14
365,Person_365,40.0,person365@example.com,39768.03
3288,Person_3288,52.0,person3288@example.com,61225.52
2126,Person_2126,58.0,person2126@example.com,40763.96
4124,Person_4124,53.0,person4124@example.com,49770.83
526,Person_526,43.0,person526@example.com,30690.31
56,Person_56,64.0,person56@example.com,45348.21
639,Person_639,20.0,person639@example.com,43423.53
303,Person_303,31.0,person303@example.com,67992.29
2767,Person_2767,33.0,person2767@example.com,50519.58
1277,Person_1277,21.0,person1277@example.com,92824.68
2056,Person_2056,182.0,person2056@example.com,63026.08
3645,Person_3645,34.0,person3645@example.com,88359.56
4144,Person_4144,59.0,person4144@example.com,43076.88
2879,Person_2879,43.0,person2879@example.com,69010.12
4203,Person_4203,51.0,person4203@example.com,44684.64
2287,Person_2287,53.0,person2287@example.com,53622.37
2262,Person_2262,38.0,person2262@example.com,68430.94
2297,Person_2297,34.0,person2297@example.com,33452.28
1754,Person_1754,56.0,person1754@example.com,62944.62
1969,Person_1969,29.0,person1969@example.com,64873.39
4442,Person_4442,27.0,person4442@example.com,23178.06
3118,Person_3118,22.0,person3118@example.com,69362.93
2394,Person_2394,40.0,person2394@example.com,55816.87
524,Person_524,43.0,person524@example.com,54531.77
3901,Person_3901,62.0,person3901@example.com,45283.3
3123,Person_3123,42.0,person3123@example.com,56927.07
4157,Person_4157,20.0,person4157@example.com,78200.32
1970,Person_1970,20.0,person1970@example.com,43448.19
672,Person_672,58.0,person672@example.com,43425.55
4189,Person_4189,18.0,person4189@example.com,46509.37
667,Person_667,52.0,,72411.13
4429,Person_4429,30.0,person4429@example.com,50315.1
1888,Person_1888,26.0,person1888@example.com,28941.14
3267,Person_3267,63.0,person3267@example.com,63230.29
281,Person_281,28.0,person281@example.com,53527.49
1720,Person_1720,,person1720@example.com,41406.58
2948,Person_2948,35.0,person2948@example.com,68538.88
900,Person_900,27.0,person900@example.com,45509.21
4949,Person_4949,63.0,person4949@example.com,68003.0
761,Person_761,21.0,person761@example.com,50058.12
1907,Person_1907,39.0,person1907@example.com,72303.34
4043,Person_4043,64.0,person4043@example.com,48925.73
3824,Person_3824,36.0,person3824@example.com,45370.84
4139,Person_4139,27.0,person4139@example.com,84294.66
3819,Person_3819,3.0,person3819@example.com,68436.25
4301,Person_4301,59.0,person4301@example.com,74294.98
2594,Person_2594,55.0,person2594@example.com,58345.6
4165,Person_4165,51.0,person4165@example.com,59908.78
3032,Person_3032,38.0,person3032@example.com,71944.32
3580,Person_3580,61.0,person3580@example.com,47606.28
2833,Person_2833,20.0,person2833@example.com,40210.83
3473,Person_3473,38.0,person3473@example.com,74096.8
138,Person_138,31.0,person138@example.com,40986.65
2181,Person_2181,43.0,person2181@example.com,45738.74
2129,Person_2129,26.0,person2129@example.com,32064.2
3178,Person_3178,57.0,person3178@example.com,36994.28
4458,Person_4458,58.0,person4458@example.com,38926.13
4262,Person_4262,48.0,person4262@example.com,54070.07
4345,Person_4345,29.0,person4345@example.com,66613.53
1332,Person_1332,26.0,person1332@example.com,52341.84
2018,Person_2018,20.0,person2018@example.com,51357.23
2483,Person_2483,20.0,person2483@example.com,43984.29
1359,Person_1359,39.0,person1359@example.com,43099.64
1330,Person_1330,42.0,person1330@example.com,66480.44
2151,Person_2151,41.0,person2151@example.com,65448.96
2123,Person_2123,23.0,person2123@example.com,66082.1
3982,Person_3982,24.0,person3982@example.com,43895.29
1253,Person_1253,24.0,person1253@example.com,68402.01
3279,Person_3279,22.0,person3279@example.com,74084.84
3375,Person_3375,56.0,person3375@example.com,73583.67
2815,Person_2815,43.0,person2815@example.com,46048.69
1849,Person_1849,58.0,person1849@example.com,54047.34
3038,Person_3038,58.0,person3038@example.com,37411.91
389,Person_389,25.0,person389@example.com,44633.4
236,Person_236,46.0,person236@example.com,49402.06
1078,Person_1078,50.0,person1078@example.com,40933.19
1985,Person_1985,31.0,person1985@example.com,54007.42
4364,Person_4364,31.0,person4364@example.com,30031.11
3963,Person_3963,59.0,person3963@example.com,59629.0
771,Person_771,51.0,person771@example.com,66733.79
2166,Person_2166,52.0,person2166@example.com,71321.39
674,Person_674,32.0,person674@example.com,46260.73
250,Person_250,56.0,person250@example.com,75968.36
1575,Person_1575,51.0,person1575@example.com,80118.38
3420,Person_3420,54.0,person3420@example.com,45662.86
2082,Person_2082,59.0,person2082@example.com,47192.08
1824,Person_1824,41.0,person1824@example.com,48388.22
717,Person_717,27.0,person717@example.com,60110.12
4765,Person_4765,43.0,,66377.72
2049,Person_2049,31.0,person2049@example.com,48582.92
4179,Person_4179,43.0,person4179@example.com,57163.54
2725,Person_2725,24.0,person2725@example.com,46767.4
4615,Person_4615,54.0,person4615@example.com,62623.95
1461,Person_1461,33.0,person1461@example.com,51431.49
1669,Person_1669,40.0,person1669@example.com,66933.37
2757,Person_2757,46.0,person2757@example.com,68082.2
2001,Person_2001,34.0,person2001@example.com,71883.22
405,Person_405,59.0,person405@example.com,41058.59
385,Person_385,53.0,person385@example.com,33184.25
4586,Person_4586,30.0,person4586@example.com,47299.27
2153,Person_2153,42.0,person2153@example.com,56568.28
1634,Person_1634,30.0,person1634@example.com,51191.79
4680,Person_4680,56.0,person4680@example.com,58769.55
3926,Person_3926,64.0,person3926@example.com,60486.56
4159,Person_4159,30.0,person4159@example.com,54861.82
224,Person_224,55.0,person224@example.com,66825.4
2194,Person_2194,,person2194@example.com,62245.49
3137,Person_3137,19.0,person3137@example.com,37077.88
4470,Person_4470,27.0,person4470@example.com,59316.17
1825,Person_1825,25.0,person1825@example.com,57016.18
4695,Person_4695,64.0,person4695@example.com,47438.29
798,Person_798,55.0,person798@example.com,55614.37
2872,Person_2872,32.0,person2872@example.com,57320.55
10,Person_10,28.0,person10@example.com,29799.68
1945,Person_1945,29.0,person1945@example.com,52016.61
1839,Person_1839,28.0,person1839@example.com,59442.54
256,Person_256,42.0,person256@example.com,47696.92
4486,Person_4486,37.0,person4486@example.com,55401.32
4602,Person_4602,56.0,person4602@example.com,72236.42
1582,Person_1582,64.0,person1582@example.com,57228.26
2957,Person_2957,35.0,person2957@example.com,55088.35
925,Person_925,57.0,person925@example.com,62157.29
4522,Person_4522,18.0,person4522@example.com,54390.39
2509,Person_2509,49.0,person2509@example.com,59324.72
3776,Person_3776,27.0,person3776@example.com,30667.87
4137,Person_4137,26.0,person4137@example.com,77452.89
2780,Person_2780,60.0,person2780@example.com,63941.81
540,Person_540,26.0,person540@example.com,64263.04
2746,Person_2746,40.0,person2746@example.com,56330.64
4592,Person_4592,44.0,person4592@example.com,42294.4
4665,Person_4665,49.0,person4665@example.com,57506.24
1146,Person_1146,21.0,,60923.86
4469,Person_4469,41.0,person4469@example.com,71495.34
668,Person_668,176.0,person668@example.com,76686.36
3020,Person_3020,27.0,person3020@example.com,40422.33
358,Person_358,20.0,person358@example.com,48648.01
2832,Person_2832,31.0,person2832@example.com,50755.77
2784,Person_2784,63.0,person2784@example.com,50386.52
1354,Person_1354,42.0,person1354@example.com,52155.86
471,Person_471,56.0,person471@example.com,37398.58
2704,Person_2704,37.0,person2704@example.com,68422.6
3331,Person_3331,25.0,person3331@example.com,65350.52
3638,Person_3638,28.0,person3638@example.com,53019.03
1397,Person_1397,53.0,person1397@example.com,71212.87
3585,Person_3585,21.0,person3585@example.com,52102.83
4580,Person_4580,47.0,person4580@example.com,42322.04
3377,Person_3377,56.0,person3377@example.com,69655.54
1257,Person_1257,20.0,person1257@example.com,55591.7
3513,Person_3513,45.0,person3513@example.com,51813.27
1251,Person_1251,45.0,person1251@example.com,53884.67
4906,Person_4906,55.0,person4906@example.com,10739.62
4299,Person_4299,33.0,person4299@example.com,63489.49
3285,Person_3285,26.0,person3285@example.com,61453.22
2934,Person_2934,27.0,person2934@example.com,57779.29
4176,Person_4176,52.0,person4176@example.com,54468.72
1853,Person_1853,49.0,person1853@example.com,48548.25
4968,Person_4968,49.0,person4968@example.com,51520.22
2106,Person_2106,29.0,person2106@example.com,32031.28
134,Person_134,20.0,person134@example.com,53091.46
929,Person_929,,person929@example.com,60058.55
824,Person_824,33.0,person824@example.com,42384.28
4979,Person_4979,28.0,person4979@example.com,66932.22
1532,Person_1532,47.0,person1532@example.com,50832.37
1215,Person_1215,49.0,person1215@example.com,77266.04
505,Person_505,20.0,person505@example.com,69201.92
4286,Person_4286,47.0,person4286@example.com,66548.14
1997,Person_1997,37.0,person1997@example.com,62995.24
3073,Person_3073,35.0,person3073@example.com,55350.29
1959,Person_1959,53.0,person1959@example.com,63621.01
1385,Person_1385,57.0,person1385@example.com,41816.55
895,Person_895,52.0,person895@example.com,45112.77
456,Person_456,54.0,person456@example.com,60470.85
4733,Person_4733,32.0,person4733@example.com,36834.03
3710,Person_3710,22.0,person3710@example.com,46837.92
4714,Person_4714,50.0,person4714@example.com,52025.44
4269,Person_4269,56.0,person4269@example.com,71190.15
3523,Person_3523,51.0,person3523@example.com,64951.89
4135,Person_4135,39.0,person4135@example.com,47365.32
3603,Person_3603,56.0,person3603@example.com,54178.64
714,Person_714,64.0,person714@example.com,48613.98
4187,Person_4187,14.0,person4187@example.com,40066.16
2215,Person_2215,38.0,person2215@example.com,74964.79
2924,Person_2924,41.0,person2924@example.com,59401.77
1811,Person_1811,32.0,person1811@example.com,49990.84
3487,Person_3487,45.0,person3487@example.com,46914.52
3142,Person_3142,38.0,person3142@example.com,43067.74
1828,Person_1828,34.0,person1828@example.com,44458.31
1156,Person_1156,57.0,person1156@example.com,45527.94
1325,Person_1325,31.0,person1325@example.com,65346.68
4313,Person_4313,64.0,person4313@example.com,70485.53
511,Person_511,61.0,person511@example.com,35120.52
1681,Person_1681,30.0,person1681@example.com,46764.65
500,Person_500,50.0,person500@example.com,46876.06
4630,Person_4630,32.0,person4630@example.com,58616.88
1857,Person_1857,45.0,person1857@example.com,44244.01
1389,Person_1389,57.0,person1389@example.com,69817.02
3720,Person_3720,63.0,person3720@example.com,61116.27
2387,Person_2387,29.0,person2387@example.com,38296.5
3237,Person_3237,45.0,person3237@example.com,55013.32
1541,Person_1541,31.0,person1541@example.com,56971.54
1218,Person_1218,40.0,person1218@example.com,35661.19
2682,Person_2682,57.0,person2682@example.com,36849.65
2994,Person_2994,58.0,person2994@example.com,62353.49
1192,Person_1192,61.0,person1192@example.com,63526.59
1543,Person_1543,21.0,person1543@example.com,60915.84
3302,Person_3302,64.0,person3302@example.com,35972.49
3325,Person_3325,19.0,person3325@example.com,35392.92
2540,Person_2540,56.0,person2540@example.com,54840.34
954,Person_954,41.0,person954@example.com,81550.37
4331,Person_4331,64.0,person4331@example.com,36142.96
733,Person_733,50.0,person733@example.com,39540.31
1157,Person_1157,58.0,person1157@example.com,54915.46
3295,Person_3295,62.0,person3295@example.com,41631.02
2983,Person_2983,50.0,person2983@example.com,39782.36
2157,Person_2157,29.0,person2157@example.com,46755.83
1063,Person_1063,64.0,person1063@example.com,62976.43
2617,Person_2617,34.0,person2617@example.com,68010.38
1168,Person_1168,40.0,person1168@example.com,37276.9
3223,Person_3223,42.0,person3223@example.com,69171.88
3637,Person_3637,55.0,person3637@example.com,53276.09
2939,Person_2939,42.0,person2939@example.com,64126.07
4492,Person_4492,39.0,person4492@example.com,53747.7
3141,Person_3141,26.0,person3141@example.com,90127.24
144,Person_144,43.0,person144@example.com,48530.53
3578,Person_3578,38.0,person3578@example.com,67227.08
2783,Person_2783,38.0,person2783@example.com,46462.45
718,Person_718,47.0,person718@example.com,60018.47
1820,Person_1820,26.0,person1820@example.com,68731.52
2503,Person_2503,48.0,,42689.58
4361,Person_4361,57.0,person4361@example.com,50387.35
4172,Person_4172,37.0,person4172@example.com,46198.22
396,Person_396,45.0,person396@example.com,65266.67
4935,Person_4935,45.0,person4935@example.com,30179.49
4493,Person_4493,20.0,person4493@example.com,76305.89
1366,Person_1366,51.0,person1366@example.com,46543.26
4652,Person_4652,22.0,person4652@example.com,52227.29
596,Person_596,60.0,person596@example.com,43744.89
3953,Person_3953,18.0,person3953@example.com,53664.17
2915,Person_2915,63.0,person2915@example.com,51155.38
2327,Person_2327,55.0,person2327@example.com,63772.01
3767,Person_3767,38.0,person3767@example.com,56552.42
3441,Person_3441,26.0,person3441@example.com,55763.79
3852,Person_3852,54.0,person3852@example.com,68345.21
4133,Person_4133,39.0,person4133@example.com,48062.64
4685,Person_4685,,person4685@example.com,70393.54
2144,Person_2144,30.0,person2144@example.com,60752.33
1572,Person_1572,63.0,person1572@example.com,43400.95
4080,Person_4080,62.0,person4080@example.com,49945.61
1123,Person_1123,27.0,person1123@example.com,69182.69
2787,Person_2787,44.0,person2787@example.com,50454.88
2968,Person_2968,31.0,person2968@example.com,88891.97
2505,Person_2505,37.0,person2505@example.com,56286.04
3466,Person_3466,38.0,person3466@example.com,56589.97
676,Person_676,18.0,person676@example.com,69286.58
2809,Person_2809,64.0,person2809@example.com,69346.38
3349,Person_3349,52.0,person3349@example.com,59094.59
729,Person_729,42.0,person729@example.com,82269.22
413,Person_413,61.0,person413@example.com,67584.49
3147,Person_3147,29.0,person3147@example.com,62347.99
1517,Person_1517,30.0,person1517@example.com,54933.28
826,Person_826,28.0,person826@example.com,77292.43
3268,Person_3268,39.0,person3268@example.com,29155.23
3975,Person_3975,24.0,person3975@example.com,51216.8
617,Person_617,55.0,person617@example.com,36412.47
115,Person_115,26.0,person115@example.com,51653.4
418,Person_418,62.0,person418@example.com,50703.65
3070,Person_3070,32.0,person3070@example.com,39365.86
1626,Person_1626,22.0,person1626@example.com,41155.69
5050,Person_4306,34.0,person4306@example.com,55386.22
4186,Person_4186,44.0,person4186@example.com,97348.66
2897,Person_2897,46.0,person2897@example.com,52433.5
4768,Person_4768,56.0,person4768@example.com,70293.28
2083,Person_2083,25.0,person2083@example.com,29916.37
754,Person_754,38.0,person754@example.com,40940.15
2547,Person_2547,55.0,person2547@example.com,49398.89
3970,Person_3970,24.0,person3970@example.com,64323.24
3374,Person_3374,38.0,person3374@example.com,71039.89
4108,Person_4108,21.0,person4108@example.com,29717.33
2445,Person_2445,55.0,person2445@example.com,82309.91
4381,Person_4381,52.0,person4381@example.com,56656.94
1067,Person_1067,57.0,person1067@example.com,45615.96
3914,Person_3914,61.0,person3914@example.com,52296.85
3499,Person_3499,51.0,person3499@example.com,41055.21
2739,Person_2739,19.0,person2739@example.com,64067.99
4001,Person_4001,51.0,,50038.91
1569,Person_1569,37.0,person1569@example.com,30738.42
2428,Person_2428,28.0,person2428@example.com,60443.03
3747,Person_3747,,person3747@example.com,41819.09
4845,Person_4845,42.0,person4845@example.com,59105.27
1688,Person_1688,63.0,person1688@example.com,48607.29
852,Person_852,43.0,person852@example.com,56476.94
3547,Person_3547,54.0,person3547@example.com,86654.58
896,Person_896,32.0,person896@example.com,46370.69
4593,Person_4593,63.0,person4593@example.com,46413.84
336,Person_336,47.0,person336@example.com,56883.68
2840,Person_2840,47.0,person2840@example.com,34945.96
3088,Person_3088,50.0,person3088@example.com,56673.97
4612,Person_4612,57.0,person4612@example.com,69921.14
1349,Person_1349,58.0,person1349@example.com,42763.66
1016,Person_1016,48.0,person1016@example.com,75438.07
2817,Person_2817,55.0,person2817@example.com,64041.03
1632,Person_1632,45.0,person1632@example.com,61039.02
2490,Person_2490,25.0,person2490@example.com,49856.15
3731,Person_3731,30.0,person3731@example.com,38855.97
3252,Person_3252,50.0,person3252@example.com,62230.96
4732,Person_4732,36.0,person4732@example.com,54304.43
2071,Person_2071,56.0,person2071@example.com,54709.21
4453,Person_4453,58.0,person4453@example.com,44746.08
4982,Person_4982,47.0,person4982@example.com,61516.39
1636,Person_1636,57.0,person1636@example.com,57302.77
4647,Person_4647,64.0,person4647@example.com,48965.57
2480,Person_2480,63.0,person2480@example.com,31539.41
2266,Person_2266,43.0,person2266@example.com,54027.45
2960,Person_2960,37.0,person2960@example.com,37764.95
4830,Person_4830,57.0,person4830@example.com,42091.16
3060,Person_3060,25.0,person3060@example.com,51173.84
2142,Person_2142,51.0,person2142@example.com,48646.4
3119,Person_3119,42.0,person3119@example.com,47837.26
4823,Person_4823,46.0,,37177.77
4046,Person_4046,64.0,person4046@example.com,45804.13
3357,Person_3357,63.0,person3357@example.com,50616.63
2745,Person_2745,,person2745@example.com,49697.81
3507,Person_3507,64.0,person3507@example.com,49281.38
1680,Person_1680,31.0,person1680@example.com,50147.66
4250,Person_4250,51.0,person4250@example.com,33948.58
3148,Person_3148,45.0,,43256.94
2295,Person_2295,50.0,person2295@example.com,49914.88
581,Person_581,42.0,person581@example.com,51038.56
1471,Person_1471,24.0,person1471@example.com,54888.54
4071,Person_4071,30.0,person4071@example.com,65465.84
3344,Person_3344,36.0,person3344@example.com,44667.4
4584,Person_4584,36.0,person4584@example.com,54813.24
3673,Person_3673,49.0,person3673@example.com,65878.53
560,Person_560,37.0,person560@example.com,78294.61
2850,Person_2850,29.0,person2850@example.com,37588.87
513,Person_513,30.0,person513@example.com,46176.36
4730,Person_4730,56.0,person4730@example.com,58527.39
1082,Person_1082,53.0,person1082@example.com,44377.02
1665,Person_1665,22.0,person1665@example.com,34093.34
1013,Person_1013,55.0,person1013@example.com,52822.61
1932,Person_1932,,person1932@example.com,40356.15
1151,Person_1151,45.0,person1151@example.com,38250.53
2839,Person_2839,51.0,person2839@example.com,50617.11
117,Person_117,29.0,person117@example.com,54413.23
741,Person_741,34.0,person741@example.com,53661.89
4905,Person_4905,20.0,person4905@example.com,57825.47
3676,Person_3676,39.0,person3676@example.com,37739.07
831,Person_831,21.0,person831@example.com,63147.36
120,Person_120,40.0,person120@example.com,75449.27
4878,Person_4878,59.0,person4878@example.com,71371.91
4837,Person_4837,47.0,person4837@example.com,64539.08
636,Person_636,43.0,person636@example.com,52087.82
4466,Person_4466,52.0,person4466@example.com,52039.31
4365,Person_4365,51.0,person4365@example.com,69469.82
4143,Person_4143,45.0,person4143@example.com,85359.13
992,Person_992,20.0,person992@example.com,58991.29
877,Person_877,,person877@example.com,78044.41
5,Person_5,25.0,person5@example.com,45178.86
3052,Person_3052,40.0,person3052@example.com,51022.82
3125,Person_3125,51.0,person3125@example.com,52162.61
2661,Person_2661,45.0,person2661@example.com,71358.75
2492,Person_2492,51.0,person2492@example.com,50957.26
3855,Person_3855,,person3855@example.com,51365.38
1716,Person_1716,21.0,person1716@example.com,41967.35
1149,Person_1149,25.0,person1149@example.com,50613.93
3262,Person_3262,21.0,person3262@example.com,69686.27
575,Person_575,36.0,person575@example.com,44659.56
3770,Person_3770,42.0,person3770@example.com,62391.6
3737,Person_3737,55.0,person3737@example.com,38399.91
4147,Person_4147,41.0,person4147@example.com,55385.72
854,Person_854,51.0,person854@example.com,39409.4
1983,Person_1983,59.0,person1983@example.com,37676.75
2775,Person_2775,57.0,person2775@example.com,78518.05
1167,Person_1167,53.0,person1167@example.com,41831.58
972,Person_972,61.0,person972@example.com,53197.08
2702,Person_2702,39.0,person2702@example.com,68803.21
4496,Person_4496,44.0,person4496@example.com,55780.3
3848,Person_3848,38.0,person3848@example.com,46030.53
2369,Person_2369,40.0,person2369@example.com,57410.14
4116,Person_4116,19.0,person4116@example.com,77006.76
4132,Person_4132,41.0,person4132@example.com,33754.23
2951,Person_2951,21.0,person2951@example.com,67123.3
525,Person_525,27.0,person525@example.com,49985.09
2456,Person_2456,14.0,person2456@example.com,30104.32
1842,Person_1842,50.0,person1842@example.com,54311.31
538,Person_538,27.0,person538@example.com,67704.74
2807,Person_2807,54.0,person2807@example.com,62651.27
4342,Person_4342,,person4342@example.com,53885.51
3176,Person_3176,19.0,person3176@example.com,71709.47
785,Person_785,31.0,person785@example.com,3500000.0
4058,Person_4058,51.0,person4058@example.com,75007.08
1410,Person_1410,26.0,person1410@example.com,50527.89
2538,Person_2538,,person2538@example.com,62853.17
155,Person_155,62.0,person155@example.com,48625.43
3010,Person_3010,27.0,person3010@example.com,49890.93
1687,Person_1687,30.0,person1687@example.com,58892.08
2902,Person_2902,22.0,person2902@example.com,50457.04
5049,Person_2555,31.0,person2555@example.com,70030.49
4722,Person_4722,64.0,person4722@example.com,40948.9
3864,Person_3864,37.0,person3864@example.com,70466.36
2734,Person_2734,39.0,person2734@example.com,54279.55
1896,Person_1896,25.0,person1896@example.com,66249.73
570,Person_570,26.0,person570@example.com,71265.31
1817,Person_1817,61.0,person1817@example.com,60956.8
2066,Person_2066,41.0,person2066@example.com,43302.32
128,Person_128,52.0,person128@example.com,51712.08
3395,Person_3395,50.0,person3395@example.com,47945.72
3328,Person_3328,44.0,person3328@example.com,44311.01
5086,Person_923,64.0,,36486.38
2976,Person_2976,54.0,person2976@example.com,50898.14
981,Person_981,29.0,person981@example.com,84822.28
2301,Person_2301,52.0,person2301@example.com,67581.79
191,Person_191,50.0,person191@example.com,29990.64
1140,Person_1140,64.0,person1140@example.com,64938.76
700,Person_700,44.0,person700@example.com,24613.05
4879,Person_4879,30.0,person4879@example.com,62950.43
607,Person_607,63.0,person607@example.com,80032.56
4277,Person_4277,45.0,person4277@example.com,51677.33
302,Person_302,50.0,person302@example.com,36432.35
3421,Person_3421,36.0,person3421@example.com,69061.72
4919,Person_4919,24.0,person4919@example.com,87662.95
1061,Person_1061,34.0,person1061@example.com,43295.61
2566,Person_2566,27.0,person2566@example.com,86054.91
5095,Person_215,19.0,person215@example.com,46374.01
1070,Person_1070,,person1070@example.com,60658.51
2525,Person_2525,26.0,person2525@example.com,76691.3
2206,Person_2206,60.0,person2206@example.com,70903.31
1244,Person_1244,27.0,person1244@example.com,39651.63
17,Person_17,39.0,person17@example.com,42293.11
3121,Person_3121,50.0,person3121@example.com,53691.72
4643,Person_4643,38.0,person4643@example.com,44194.62
4755,Person_4755,64.0,person4755@example.com,47731.84
816,Person_816,23.0,person816@example.com,25080.75
3068,Person_3068,26.0,person3068@example.com,44966.9
4883,Person_4883,57.0,person4883@example.com,59756.4
960,Person_960,28.0,person960@example.com,39905.58
226,Person_226,22.0,person226@example.com,49533.53
3355,Person_3355,30.0,person3355@example.com,55591.94
2486,Person_2486,23.0,person2486@example.com,54504.49
563,Person_563,30.0,person563@example.com,57777.35
3437,Person_3437,30.0,person3437@example.com,54801.18
1694,Person_1694,51.0,person1694@example.com,66313.46
1046,Person_1046,59.0,person1046@example.com,58949.28
3447,Person_3447,44.0,person3447@example.com,45723.64
4566,Person_4566,49.0,person4566@example.com,57833.71
955,Person_955,48.0,person955@example.com,50679.53
5085,Person_3216,53.0,person3216@example.com,56935.59
2736,Person_2736,46.0,person2736@example.com,47401.22
5003,Person_4913,45.0,person4913@example.com,39244.38
4736,Person_4736,25.0,person4736@example.com,88506.51
4922,Person_4922,56.0,person4922@example.com,60903.92
1219,Person_1219,36.0,person1219@example.com,51848.09
1528,Person_1528,33.0,person1528@example.com,61053.8
3988,Person_3988,25.0,person3988@example.com,60597.18
1301,Person_1301,19.0,person1301@example.com,22547.3
4991,Person_4991,49.0,person4991@example.com,67379.85
161,Person_161,49.0,person161@example.com,44936.97
4068,Person_4068,31.0,person4068@example.com,40981.87
957,Person_957,19.0,person957@example.com,59480.18
3792,Person_3792,25.0,person3792@example.com,69182.68
3235,Person_3235,36.0,person3235@example.com,39149.46
2870,Person_2870,64.0,person2870@example.com,31511.94
3778,Person_3778,53.0,person3778@example.com,51009.05
4434,Person_4434,31.0,person4434@example.com,71236.83
2962,Person_2962,32.0,person2962@example.com,63599.07
2201,Person_2201,61.0,person2201@example.com,49041.62
99,Person_99,18.0,person99@example.com,53854.43
2558,Person_2558,39.0,person2558@example.com,60009.58
3184,Person_3184,37.0,person3184@example.com,50790.66
254,Person_254,28.0,person254@example.com,41724.48
3924,Person_3924,27.0,person3924@example.com,60280.72
4200,Person_4200,18.0,person4200@example.com,58450.77
1446,Person_1446,33.0,person1446@example.com,68533.36
1649,Person_1649,41.0,person1649@example.com,59850.55
4683,Person_4683,22.0,person4683@example.com,60269.8
4724,Person_4724,51.0,person4724@example.com,36316.59
3992,Person_3992,25.0,person3992@example.com,68528.2
1697,Person_1697,52.0,person1697@example.com,44448.61
3192,Person_3192,55.0,person3192@example.com,67978.17
4500,Person_4500,49.0,person4500@example.com,56881.88
1155,Person_1155,31.0,person1155@example.com,49576.61
2256,Person_2256,61.0,person2256@example.com,42642.26
1683,Person_1683,29.0,person1683@example.com,56750.04
3171,Person_3171,52.0,person3171@example.com,35586.39
2057,Person_2057,52.0,person2057@example.com,63063.34
4091,Person_4091,23.0,person4091@example.com,73469.71
3109,Person_3109,38.0,person3109@example.com,25776.25
4549,Person_4549,21.0,person4549@example.com,63630.02
3724,Person_3724,48.0,person3724@example.com,49401.11
2050,Person_2050,19.0,person2050@example.com,58539.66
3644,Person_3644,28.0,person3644@example.com,46348.36
5027,Person_2339,26.0,person2339@example.com,64936.71
624,Person_624,24.0,person624@example.com,65017.02
263,Person_263,33.0,person263@example.com,33152.76
3370,Person_3370,54.0,person3370@example.com,45750.17
4062,Person_4062,63.0,person4062@example.com,58384.41
1803,Person_1803,24.0,person1803@example.com,62893.16
4737,Person_4737,60.0,person4737@example.com,56094.02
5093,Person_770,43.0,person770@example.com,39584.99
2386,Person_2386,33.0,person2386@example.com,46530.72
1960,Person_1960,51.0,,53107.04
2977,Person_2977,41.0,person2977@example.com,42916.87
489,Person_489,33.0,person489@example.com,36579.52
1844,Person_1844,58.0,person1844@example.com,52227.17
1735,Person_1735,46.0,person1735@example.com,38716.77
2912,Person_2912,53.0,person2912@example.com,51087.85
3220,Person_3220,47.0,person3220@example.com,44671.25
147,Person_147,49.0,person147@example.com,41741.65
1987,Person_1987,19.0,person1987@example.com,66415.67
1370,Person_1370,27.0,person1370@example.com,56357.69
2812,Person_2812,27.0,person2812@example.com,62518.46
660,Person_660,64.0,person660@example.com,78439.11
1795,Person_1795,63.0,person1795@example.com,43494.66
2512,Person_2512,19.0,person2512@example.com,48915.9
3398,Person_3398,56.0,person3398@example.com,59199.08
4283,Person_4283,22.0,person4283@example.com,54730.77
1148,Person_1148,54.0,person1148@example.com,41714.12
3273,Person_3273,29.0,person3273@example.com,57878.29
609,Person_609,57.0,person609@example.com,50662.45
3583,Person_3583,28.0,person3583@example.com,72385.84
1931,Person_1931,35.0,person1931@example.com,61278.68
198,Person_198,41.0,person198@example.com,58954.1
2932,Person_2932,45.0,person2932@example.com,42905.06
2328,Person_2328,59.0,person2328@example.com,61461.22
4390,Person_4390,21.0,person4390@example.com,34407.6
767,Person_767,48.0,person767@example.com,55627.1
4497,Person_4497,27.0,person4497@example.com,64759.36
4219,Person_4219,43.0,person4219@example.com,30611.75
3256,Person_3256,52.0,person3256@example.com,80263.57
203,Person_203,20.0,person203@example.com,49599.85
3511,Person_3511,27.0,person3511@example.com,55146.68
1734,Person_1734,24.0,person1734@example.com,61001.72
2778,Person_2778,59.0,person2778@example.com,55441.39
1708,Person_1708,47.0,person1708@example.com,25023.27
3475,Person_3475,35.0,person3475@example.com,66569.87
855,Person_855,31.0,person855@example.com,57793.44
4738,Person_4738,26.0,person4738@example.com,64458.45
4098,Person_4098,28.0,person4098@example.com,75074.42
2161,Person_2161,36.0,person2161@example.com,57291.0
699,Person_699,53.0,person699@example.com,60231.7
5047,Person_2156,18.0,person2156@example.com,45086.66
3000,Person_3000,63.0,person3000@example.com,29970.49
3697,Person_3697,47.0,person3697@example.com,50611.88
1637,Person_1637,62.0,person1637@example.com,78380.11
3458,Person_3458,29.0,person3458@example.com,36609.78
3582,Person_3582,,person3582@example.com,63385.79
1292,Person_1292,46.0,person1292@example.com,51156.43
4660,Person_4660,38.0,person4660@example.com,64170.56
1854,Person_1854,32.0,person1854@example.com,62864.85
3764,Person_3764,58.0,person3764@example.com,47038.77
3305,Person_3305,36.0,person3305@example.com,54295.35
5012,Person_710,52.0,person710@example.com,53235.69
3744,Person_3744,33.0,person3744@example.com,59031.62
3446,Person_3446,23.0,person3446@example.com,44395.37
1999,Person_1999,56.0,person1999@example.com,61928.36
664,Person_664,28.0,person664@example.com,56572.78
4780,Person_4780,42.0,person4780@example.com,47470.95
3749,Person_3749,30.0,person3749@example.com,36921.7
4414,Person_4414,22.0,person4414@example.com,63246.86
4745,Person_4745,57.0,person4745@example.com,49503.7
710,Person_710,52.0,person710@example.com,53235.69
1283,Person_1283,24.0,person1283@example.com,78081.35
2676,Person_2676,42.0,person2676@example.com,47562.73
4030,Person_4030,62.0,person4030@example.com,61116.2
1307,Person_1307,54.0,person1307@example.com,43180.08
2238,Person_2238,42.0,person2238@example.com,46261.94
3303,Person_3303,32.0,person3303@example.com,68680.81
2039,Person_2039,54.0,person2039@example.com,74252.07
1530,Person_1530,64.0,person1530@example.com,40846.48
1664,Person_1664,24.0,person1664@example.com,57679.25
5034,Person_844,59.0,person844@example.com,54570.09
5053,Person_499,52.0,person499@example.com,43572.2
3628,Person_3628,23.0,person3628@example.com,51537.1
4892,Person_4892,28.0,person4892@example.com,42369.43
2694,Person_2694,34.0,person2694@example.com,58737.89
3061,Person_3061,41.0,person3061@example.com,62517.22
1598,Person_1598,42.0,person1598@example.com,63441.14
2730,Person_2730,39.0,,47644.2
2626,Person_2626,40.0,person2626@example.com,51940.64
3158,Person_3158,58.0,person3158@example.com,33472.95
3315,Person_3315,24.0,person3315@example.com,57993.41
1723,Person_1723,18.0,person1723@example.com,56229.82
1060,Person_1060,42.0,person1060@example.com,55211.36
4637,Person_4637,55.0,person4637@example.com,65219.09
3243,Person_3243,36.0,person3243@example.com,34998.84
1679,Person_1679,19.0,person1679@example.com,47710.33
1758,Person_1758,28.0,person1758@example.com,68954.06
4192,Person_4192,62.0,person4192@example.com,41492.14
564,Person_564,36.0,not-a-valid-email,62757.87
2791,Person_2791,26.0,person2791@example.com,53457.44
864,Person_864,47.0,person864@example.com,65848.21
1485,Person_1485,31.0,person1485@example.com,59749.59
207,Person_207,19.0,person207@example.com,46228.52
4489,Person_4489,19.0,person4489@example.com,63969.34
871,Person_871,52.0,person871@example.com,45016.54
4494,Person_4494,23.0,person4494@example.com,37249.65
503,Person_503,54.0,person503@example.com,65804.78
1029,Person_1029,46.0,,64518.11
3841,Person_3841,46.0,person3841@example.com,36046.76
2691,Person_2691,28.0,person2691@example.com,57875.53
1571,Person_1571,62.0,person1571@example.com,47818.75
2774,Person_2774,21.0,person2774@example.com,68187.8
2732,Person_2732,60.0,person2732@example.com,69207.85
805,Person_805,22.0,person805@example.com,69649.86
3646,Person_3646,31.0,person3646@example.com,42544.1
2455,Person_2455,20.0,person2455@example.com,58276.13
4599,Person_4599,23.0,person4599@example.com,60474.99
3105,Person_3105,63.0,person3105@example.com,68238.61
4876,Person_4876,59.0,person4876@example.com,63006.94
201,Person_201,56.0,person201@example.com,50005.67
3100,Person_3100,36.0,person3100@example.com,56640.96
2279,Person_2279,41.0,person2279@example.com,61778.11
3562,Person_3562,49.0,person3562@example.com,66625.24
4475,Person_4475,56.0,person4475@example.com,58773.34
4515,Person_4515,39.0,person4515@example.com,68280.53
392,Person_392,31.0,person392@example.com,62002.53
1496,Person_1496,43.0,person1496@example.com,41917.5
2696,Person_2696,35.0,,50232.12
2028,Person_2028,22.0,person2028@example.com,60680.89
2569,Person_2569,22.0,person2569@example.com,50082.39
65,Person_65,59.0,person65@example.com,52529.69
3885,Person_3885,35.0,person3885@example.com,52410.55
2063,Person_2063,29.0,person2063@example.com,67352.96
493,Person_493,45.0,person493@example.com,50532.17
380,Person_380,52.0,person380@example.com,58719.99
4860,Person_4860,45.0,person4860@example.com,34347.07
3994,Person_3994,39.0,person3994@example.com,45113.96
4888,Person_4888,47.0,person4888@example.com,53776.16
1077,Person_1077,46.0,person1077@example.com,42489.07
879,Person_879,31.0,person879@example.com,55855.04
338,Person_338,63.0,person338@example.com,57690.6
1017,Person_1017,22.0,person1017@example.com,35343.65
1276,Person_1276,33.0,person1276@example.com,74687.37
3799,Person_3799,51.0,person3799@example.com,67784.52
4552,Person_4552,44.0,person4552@example.com,62786.58
3343,Person_3343,25.0,person3343@example.com,38859.83
4912,Person_4912,49.0,person4912@example.com,72940.36
996,Person_996,22.0,person996@example.com,72431.4
1982,Person_1982,40.0,person1982@example.com,43599.24
4298,Person_4298,25.0,person4298@example.com,52195.31
162,Person_162,24.0,person162@example.com,44359.83
4799,Person_4799,20.0,person4799@example.com,46992.0
1501,Person_1501,21.0,person1501@example.com,60928.77
3844,Person_3844,42.0,person3844@example.com,61981.38
2614,Person_2614,39.0,person2614@example.com,61483.46
3462,Person_3462,62.0,person3462@example.com,53152.03
1022,Person_1022,51.0,person1022@example.com,67837.26
3074,Person_3074,,person3074@example.com,63375.69
3944,Person_3944,34.0,person3944@example.com,57408.38
1586,Person_1586,37.0,person1586@example.com,49836.29
1956,Person_1956,41.0,person1956@example.com,51601.38
3153,Person_3153,43.0,person3153@example.com,51388.24
35,Person_35,64.0,person35@example.com,59978.39
4015,Person_4015,37.0,person4015@example.com,61819.28
776,Person_776,22.0,person776@example.com,23762.35
2557,Person_2557,54.0,person2557@example.com,58269.06
1479,Person_1479,,person1479@example.com,49254.9
1364,Person_1364,44.0,person1364@example.com,67647.83
2613,Person_2613,25.0,person2613@example.com,52675.54
2825,Person_2825,21.0,person2825@example.com,70504.72
2042,Person_2042,61.0,person2042@example.com,41966.48
242,Person_242,20.0,person242@example.com,19106.37
2062,Person_2062,31.0,person2062@example.com,51966.84
2364,Person_2364,19.0,person2364@example.com,58470.2
601,Person_601,26.0,person601@example.com,61384.07
2436,Person_2436,39.0,person2436@example.com,61436.97
2889,Person_2889,34.0,person2889@example.com,68499.19
647,Person_647,56.0,person647@example.com,60139.8
3891,Person_3891,33.0,person3891@example.com,48948.42
3557,Person_3557,46.0,person3557@example.com,53105.95
3203,Person_3203,52.0,person3203@example.com,75056.17
1529,Person_1529,61.0,person1529@example.com,36243.59
1268,Person_1268,51.0,person1268@example.com,56040.37
1900,Person_1900,64.0,person1900@example.com,51955.89
4659,Person_4659,42.0,person4659@example.com,67456.15
3006,Person_3006,22.0,person3006@example.com,42566.28
2735,Person_2735,45.0,person2735@example.com,47776.67
190,Person_190,54.0,person190@example.com,102114.85
1807,Person_1807,41.0,person1807@example.com,47930.65
976,Person_976,21.0,person976@example.com,50277.64
2748,Person_2748,61.0,person2748@example.com,41702.65
2048,Person_2048,37.0,person2048@example.com,50117.38
2559,Person_2559,22.0,person2559@example.com,69293.03
1083,Person_1083,46.0,person1083@example.com,57172.75
475,Person_475,54.0,person475@example.com,66741.07
2905,Person_2905,43.0,person2905@example.com,62914.38
4844,Person_4844,32.0,person4844@example.com,75156.97
4118,Person_4118,25.0,person4118@example.com,61685.65
3386,Person_3386,18.0,person3386@example.com,56122.28
4556,Person_4556,34.0,person4556@example.com,55142.57
1185,Person_1185,24.0,person1185@example.com,63314.29
5052,Person_181,44.0,person181@example.com,48685.03
2434,Person_2434,23.0,not-a-valid-email,47091.53
2392,Person_2392,47.0,person2392@example.com,41538.99
770,Person_770,43.0,person770@example.com,39584.99
1686,Person_1686,49.0,person1686@example.com,64839.1
131,Person_131,54.0,person131@example.com,77849.64
2920,Person_2920,42.0,person2920@example.com,53829.7
3172,Person_3172,50.0,person3172@example.com,59569.34
3445,Person_3445,37.0,person3445@example.com,77706.3
4427,Person_4427,21.0,person4427@example.com,62107.95
467,Person_467,33.0,person467@example.com,39194.42
3093,Person_3093,49.0,person3093@example.com,61121.49
3773,Person_3773,34.0,person3773@example.com,52071.66
861,Person_861,,person861@example.com,57748.9
